docdb_family_id,person_ctry_code,applicant_ratio
30117093,GB,0.16666666666666666
30117093,NO,0.8333333333333334
32930542,NO,1.0
35220688,NO,0.5
35220688,US,0.5
35267088,DE,0.25
35267088,NL,0.5
35267088,NO,0.25
36803659,GB,1.0
37671443,GB,0.7142857142857143
37671443,NO,0.2857142857142857
38163327,NO,1.0
38372038,US,1.0
39101658,FI,0.16666666666666666
39101658,IT,0.16666666666666666
39101658,NO,0.6666666666666666
41114732,NO,0.2
41114732,US,0.8
42283642,NO,1.0
42354652,NO,1.0
42983487,IT,0.25
42983487,NO,0.75
43065226,NO,1.0
44146318,CL,0.5
44146318,NO,0.5
44542539,NO,0.16666666666666666
44542539,US,0.8333333333333334
44645370,DK,1.0
44860439,GB,0.5
44860439,NO,0.5
45464639,NO,1.0
45495902,GB,0.16666666666666666
45495902,NO,0.8333333333333334
45541216,GB,0.5
45541216,NO,0.5
46757277,KR,0.125
46757277,NO,0.125
46757277,US,0.75
46846167,NO,1.0
46969414,NO,0.6666666666666666
46969414,US,0.3333333333333333
48539300,SE,1.0
48613178,NO,1.0
49779863,NO,1.0
50002662,NO,1.0
50071052,GB,1.0
50239676,NO,1.0
50543578,CA,0.3333333333333333
50543578,DE,0.5555555555555556
50543578,NO,0.1111111111111111
50884956,DK,0.6666666666666666
50884956,NO,0.3333333333333333
50979080,CA,0.3333333333333333
50979080,GB,0.3333333333333333
50979080,US,0.3333333333333333
51302828,NO,1.0
51869718,NO,1.0
51869758,NO,1.0
51986097,NO,1.0
52349617,NO,1.0
52469249,NO,1.0
52577849,NO,1.0
52649067,GB,1.0
52673865,NO,1.0
53181597,NO,0.5
53181597,US,0.5
53403185,NO,1.0
53489699,US,1.0
53673311,GB,0.5
53673311,NO,0.25
53673311,US,0.25
53677482,GB,0.5
53677482,NO,0.5
53756005,US,1.0
53775996,NO,0.5
53775996,US,0.5
53776955,US,1.0
54336802,NO,0.3333333333333333
54336802,US,0.6666666666666666
54606078,NO,1.0
55025003,GB,1.0
55066354,NO,1.0
55132414,NO,1.0
55234448,NO,1.0
55631054,SE,1.0
55745553,DE,0.5
55745553,NO,0.5
55963321,NO,1.0
56101757,CN,0.2
56101757,FR,0.4
56101757,NO,0.2
56101757,US,0.2
56108010,CN,0.3333333333333333
56108010,FR,0.3333333333333333
56108010,US,0.3333333333333333
56132759,NO,1.0
56360457,NO,1.0
56544309,CN,0.3333333333333333
56544309,FR,0.3333333333333333
56544309,NO,0.16666666666666666
56544309,US,0.16666666666666666
56879732,US,1.0
56895114,NO,1.0
57218882,NO,1.0
57398467,NO,1.0
57799622,NO,1.0
57910122,NO,0.6666666666666666
57910122,US,0.3333333333333333
58044125,NO,1.0
58100941,CA,0.25
58100941,FR,0.25
58100941,NL,0.25
58100941,US,0.25
58188673,NO,1.0
58240861,NO,1.0
58360664,NO,1.0
58360996,NO,1.0
58448349,LI,1.0
58462478,NO,1.0
58464508,NO,1.0
58544187,NO,1.0
58548768,NO,1.0
58584257,NO,1.0
58632557,NO,1.0
58664231,US,1.0
58682734,NO,1.0
58682786,NO,1.0
58709962,NO,1.0
58721366,US,1.0
58765887,NO,1.0
59065626,NO,1.0
59220635,GB,0.5
59220635,NO,0.5
59254039,US,1.0
59315613,NO,1.0
59676672,NO,1.0
59762051,NO,1.0
59778985,DK,0.3333333333333333
59778985,NO,0.6666666666666666
60037196,BE,0.5
60037196,DK,0.5
60037279,BE,0.5
60037279,DK,0.5
60117284,US,1.0
60203014,NO,1.0
60452486,NO,1.0
60515375,CH,1.0
60654494,NO,1.0
60664176,NO,1.0
60673489,NO,1.0
60782210,SE,1.0
60805742,NO,1.0
61008786,NO,1.0
61024602,GB,1.0
61054172,NO,1.0
61189448,NO,1.0
61254461,NO,1.0
61526773,NL,0.3333333333333333
61526773,NO,0.6666666666666666
61563532,US,1.0
61563533,US,1.0
61581354,SE,1.0
61616772,NO,1.0
61899313,NO,1.0
62020082,SE,1.0
62090016,NO,1.0
62142372,GB,1.0
62167350,NO,1.0
62236239,NO,1.0
62494677,NO,1.0
62494678,NO,1.0
62624927,SE,1.0
62624929,SE,1.0
63143728,NO,1.0
63143801,GB,1.0
63405219,NO,1.0
63405220,NO,1.0
63445755,NO,1.0
63524241,NO,1.0
63556360,NO,1.0
63586806,US,1.0
63715130,NO,1.0
63794756,US,1.0
63834031,NO,1.0
63834034,NO,1.0
63858010,NO,1.0
63862136,NO,1.0
63878665,NO,1.0
63878684,NO,1.0
63915734,US,1.0
64014714,US,1.0
64604724,NO,1.0
64738034,US,1.0
64738092,US,1.0
64742639,US,1.0
64744918,NO,1.0
64951218,NL,0.3333333333333333
64951218,NO,0.3333333333333333
64951218,US,0.3333333333333333
65003554,NO,1.0
65009771,NO,1.0
65011748,NL,0.5
65011748,US,0.5
65016249,NO,1.0
65024231,NO,1.0
65024727,GB,1.0
65236978,NO,1.0
65243589,NO,1.0
65274886,CA,0.25
65274886,FR,0.25
65274886,NL,0.25
65274886,US,0.25
65352053,NO,1.0
65352054,NO,1.0
65409118,NO,1.0
65808960,US,1.0
65995789,NO,1.0
66102138,NO,1.0
66181370,NO,1.0
66240167,GB,1.0
66243532,US,1.0
66251813,NO,1.0
66540312,NO,1.0
66826923,NO,1.0
66826977,NO,1.0
66826985,NO,1.0
67145844,NO,1.0
67220698,NO,1.0
67262338,DE,1.0
67297301,US,1.0
67441564,NO,1.0
67511647,NO,1.0
67623215,NO,1.0
67684686,CA,1.0
67700158,NO,1.0
67701231,NO,1.0
67810426,GB,1.0
67928828,NO,1.0
67997509,NO,1.0
68108921,NO,1.0
68291597,NO,1.0
68292617,GB,0.5
68292617,IE,0.5
68315280,NO,1.0
68315372,NO,1.0
68342458,NO,1.0
68425536,NO,1.0
68614305,US,1.0
68728301,NO,1.0
68763676,US,1.0
68764636,US,1.0
68768884,NO,1.0
68917589,NL,0.5
68917589,US,0.5
69005258,NL,0.5
69005258,US,0.5
69005761,NO,1.0
69059106,NO,1.0
69061430,US,1.0
69062099,GB,0.5
69062099,NO,0.5
69086376,NO,1.0
69104300,NO,1.0
69137215,GB,0.5
69137215,NO,0.5
69147180,NO,1.0
69165466,NO,1.0
69186599,NO,1.0
69322634,NO,1.0
69322907,NO,1.0
69493486,NO,1.0
69626225,NO,1.0
69626234,NO,1.0
69636765,NO,1.0
69639782,NO,1.0
69740251,NO,1.0
69810688,NO,1.0
69844865,NO,1.0
69846240,NO,1.0
69903021,NO,1.0
70228770,NO,1.0
70278581,NO,1.0
70289747,NO,1.0
70295139,NO,1.0
70458586,GB,0.5
70458586,IE,0.5
70465214,NO,1.0
70476117,NO,1.0
70546530,NO,1.0
70546578,NO,1.0
70546641,NO,1.0
70553245,NO,1.0
70553403,NO,1.0
70680242,NO,1.0
70726501,US,1.0
70768774,NO,1.0
70768990,NO,1.0
70803013,NO,1.0
70857017,NO,1.0
70861217,NO,1.0
70921797,NO,1.0
71080219,NO,0.5
71080219,US,0.5
71080626,NO,1.0
71083400,NO,1.0
71608241,NO,1.0
71615893,NO,1.0
71787005,NO,1.0
71835579,NO,1.0
71895040,NO,1.0
71944174,NO,1.0
71949674,NO,1.0
72050394,FI,0.3333333333333333
72050394,GB,0.3333333333333333
72050394,NO,0.3333333333333333
72050473,NO,1.0
72139990,NO,1.0
72235027,US,1.0
72241297,NO,1.0
72266891,NO,0.5
72266891,US,0.5
72422335,NO,1.0
72422609,US,1.0
72428246,NO,1.0
72515774,US,1.0
72826934,NO,1.0
72896210,NO,1.0
72915797,NO,1.0
73014525,NO,1.0
73401839,NO,1.0
73451196,NO,1.0
73476146,NO,1.0
73497753,NO,1.0
73646343,NO,1.0
73646467,NO,0.3333333333333333
73646467,SA,0.3333333333333333
73646467,US,0.3333333333333333
73695101,NO,1.0
73744651,NO,1.0
73781446,NO,1.0
73781472,US,1.0
74059778,NO,1.0
74104237,US,1.0
74181203,NO,1.0
74187163,NO,1.0
74205673,NO,1.0
74205711,DE,0.5
74205711,NO,0.5
74211208,NO,1.0
74228359,JP,0.5
74228359,US,0.5
74418194,NO,1.0
74494810,DE,0.5
74494810,NO,0.5
74561691,NO,1.0
74561826,NO,1.0
74566490,NO,1.0
74568744,US,1.0
74661318,FR,1.0
74667706,NO,1.0
74667751,NO,1.0
74669502,NO,1.0
74673088,NO,1.0
74673128,NO,1.0
74673162,GB,1.0
74678839,NO,1.0
74678960,NO,1.0
74678969,GB,0.5
74678969,NO,0.5
74679039,GB,1.0
74683940,NO,1.0
74759495,US,1.0
74844971,NO,1.0
74856697,NO,1.0
74856810,FR,1.0
74858223,DE,1.0
74858353,NO,1.0
74858381,FR,1.0
74858735,CH,0.5
74858735,NO,0.5
74859050,NO,1.0
74859178,NO,0.5
74859178,US,0.5
74859292,NO,1.0
74859759,NO,1.0
74859760,NO,1.0
74865311,GB,0.5
74865311,NO,0.5
74865391,NO,1.0
74867403,NO,1.0
74870795,NO,1.0
74871245,CH,1.0
74871256,CH,1.0
74871262,CH,1.0
74871268,CH,1.0
74871739,NO,1.0
74873595,NO,1.0
74874673,NO,1.0
74878994,GB,0.5
74878994,NO,0.5
74879119,NO,1.0
74879746,NO,1.0
74879896,NO,0.5
74879896,US,0.5
74947002,NO,1.0
75108123,NO,1.0
75108645,NO,1.0
75108647,GB,1.0
75108757,NO,1.0
75143529,NO,1.0
75143624,NO,1.0
75143639,NO,1.0
75173069,NO,1.0
75223190,CH,1.0
75223383,NO,1.0
75252554,NO,1.0
75277807,NO,1.0
75277910,NO,1.0
75278321,NO,1.0
75302245,NO,1.0
75338915,CH,1.0
75338968,NO,1.0
75339117,NO,1.0
75339220,NO,1.0
75339244,NO,1.0
75339765,SE,1.0
75362480,NO,1.0
75377335,GB,1.0
75377362,GB,1.0
75377376,NO,1.0
75377393,NO,1.0
75382704,CA,0.25
75382704,FR,0.25
75382704,NL,0.25
75382704,US,0.25
75382722,NO,1.0
75396825,GB,1.0
75426600,NO,1.0
75438700,NO,1.0
75439421,NO,1.0
75472491,GB,0.5
75472491,NO,0.5
75472510,NO,1.0
75472546,GB,0.5
75472546,NO,0.5
75472617,NO,1.0
75538815,NO,1.0
75539309,NO,1.0
75539316,NO,1.0
75562632,NO,1.0
75562667,NO,1.0
75623186,NO,1.0
75623223,NO,1.0
75625504,NO,1.0
75625514,FR,1.0
75659951,FR,1.0
75674697,CH,1.0
75674910,NO,1.0
75689863,NO,1.0
75689873,NO,1.0
75689899,NO,1.0
75689964,NO,1.0
75715502,NO,1.0
75728774,FR,1.0
75783488,GB,1.0
75783518,NO,1.0
75783519,GB,1.0
75783537,NO,1.0
75783587,NO,1.0
75783629,NO,1.0
75783680,GB,1.0
75783683,NO,1.0
75783685,NO,1.0
75783691,NO,1.0
75783718,NO,1.0
75783725,GB,0.5
75783725,NO,0.5
75783800,NO,1.0
75825423,DE,1.0
75825573,IE,1.0
75847370,US,1.0
75848552,NO,1.0
75870604,NO,1.0
75883629,NO,1.0
75883646,NO,1.0
75904848,FR,1.0
75908967,US,1.0
75912126,NO,1.0
75919357,CH,1.0
75936799,NO,1.0
75949464,NO,1.0
75973750,US,1.0
75973754,US,1.0
75981711,US,1.0
76011774,NO,1.0
76011945,NO,1.0
76034738,FR,1.0
76059662,NO,1.0
76059759,NO,1.0
76137930,NO,1.0
76159982,NO,1.0
76180995,NO,1.0
76193425,GB,0.5714285714285714
76193425,NO,0.2857142857142857
76193425,US,0.14285714285714285
76193586,NO,1.0
76193594,NO,1.0
76193597,NO,1.0
76209574,US,1.0
76250126,SE,1.0
76270135,NO,1.0
76283662,NO,1.0
76300982,NO,1.0
76300986,NO,1.0
76301108,NO,1.0
76301163,NO,1.0
76305733,US,1.0
76330563,NO,1.0
76355408,FR,1.0
76374946,NO,0.2857142857142857
76374946,SE,0.7142857142857143
76377591,GB,1.0
76377767,GB,0.5
76377767,NO,0.5
76377794,NO,1.0
76377826,DE,0.4
76377826,DK,0.2
76377826,NO,0.4
76377835,NO,1.0
76444299,NO,1.0
76444469,NO,1.0
76444519,NO,1.0
76466258,CN,0.5
76466258,NO,0.5
76477919,NO,1.0
76483011,NO,1.0
76550530,NO,1.0
76550579,NO,1.0
76550616,NO,1.0
76584298,NO,1.0
76584374,CH,1.0
76584439,FI,1.0
76601109,NO,1.0
76637588,NO,1.0
76637601,NO,1.0
76637645,NO,1.0
76637646,NO,1.0
76637655,NO,1.0
76637657,NO,1.0
76637704,NO,1.0
76637728,NO,1.0
76637801,NO,1.0
76641593,DE,0.5
76641593,NO,0.5
76695500,NO,1.0
76695631,NO,1.0
76708070,NO,1.0
76708403,MT,1.0
76730389,NO,1.0
76730434,NO,1.0
76741374,NO,1.0
76741396,NO,1.0
76741427,NO,1.0
76741467,DE,1.0
76838897,NO,1.0
76838915,GB,1.0
76838922,NO,1.0
76845166,FR,1.0
76857946,US,1.0
76885259,CN,0.5
76885259,NO,0.5
76891089,GB,1.0
76920719,FR,1.0
76954388,NO,1.0
76954389,NO,1.0
76954449,GB,1.0
76954450,GB,0.7777777777777778
76954450,NO,0.2222222222222222
76954485,GB,1.0
76954503,GB,0.5
76954503,NO,0.5
76954594,NO,1.0
76954617,GB,0.5
76954617,NO,0.5
76971173,CA,0.25
76971173,FR,0.25
76971173,NL,0.25
76971173,US,0.25
76971972,NO,1.0
76991849,NO,1.0
77050617,NO,1.0
77050622,NO,1.0
77050633,NO,1.0
77050695,NO,1.0
77071212,NO,1.0
77071449,NO,1.0
77079065,NO,1.0
77079069,NO,1.0
77179460,NO,1.0
77179462,NO,1.0
77179507,NO,1.0
77179511,NO,1.0
77179512,NO,1.0
77179513,NO,1.0
77179526,NO,1.0
77179545,NO,1.0
77179549,NO,1.0
77179554,NO,1.0
77179556,NO,1.0
77179640,NO,1.0
77179875,NO,1.0
77180233,NO,1.0
77226815,NO,1.0
77256845,NO,1.0
77265018,NO,1.0
77265171,NO,1.0
77272861,US,1.0
77274384,NO,1.0
77274422,NO,1.0
77274458,GB,0.5
77274458,NO,0.5
77274533,NO,1.0
77274569,GB,0.5
77274569,NO,0.5
77274601,NO,1.0
77338715,NO,1.0
77353786,NO,1.0
77353839,DE,0.5
77353839,NO,0.5
77353883,NO,1.0
77353905,NO,1.0
77353951,NO,1.0
77353982,NO,1.0
77354008,NO,1.0
77398385,NO,1.0
77443336,NO,1.0
77443404,NO,1.0
77491967,NO,1.0
77499721,NO,1.0
77499725,NO,1.0
77518971,NO,1.0
77519120,GB,1.0
77520556,NO,0.5
77520556,US,0.5
77541101,NO,1.0
77541104,NO,1.0
77612538,FI,1.0
77651167,NO,1.0
77651224,GB,0.5
77651224,NO,0.5
77651243,NO,1.0
77651247,GB,1.0
77651258,NO,1.0
77651352,NO,1.0
77651374,NO,1.0
77651385,NO,1.0
77651420,GB,1.0
77666140,NO,1.0
77666205,NO,1.0
77666505,NO,1.0
77710542,NO,1.0
77711177,NO,1.0
77726425,FR,1.0
77774823,NO,1.0
77854452,US,1.0
77859894,NO,1.0
77859955,NO,1.0
77860096,NO,1.0
77892622,US,1.0
77913013,NO,1.0
77913930,BR,0.5
77913930,NO,0.5
77913965,NO,1.0
77914010,NO,1.0
77930414,NO,1.0
77998908,FR,1.0
77999706,NO,1.0
77999718,NO,1.0
77999728,NO,1.0
78049496,NO,1.0
78049512,GB,1.0
78076741,NO,1.0
78080235,NO,1.0
78081604,US,1.0
78085476,NO,1.0
78085563,NO,1.0
78086609,NO,1.0
78087017,NO,1.0
78114129,DK,0.5
78114129,NO,0.5
78149276,NO,1.0
78149310,NO,1.0
78149430,GB,0.5
78149430,NO,0.5
78179173,CH,0.5
78179173,US,0.5
78221932,CA,0.25
78221932,FR,0.25
78221932,NL,0.25
78221932,US,0.25
78269084,NO,1.0
78270297,NO,1.0
78292365,NO,1.0
78302707,NO,1.0
78333015,NO,1.0
78333016,NO,1.0
78373713,NO,1.0
78373715,NO,1.0
78399559,GB,0.5
78399559,NO,0.5
78399571,BE,0.5
78399571,NO,0.5
78399758,NO,1.0
78414448,LI,1.0
78414611,FR,1.0
78463435,FR,1.0
78497755,NO,1.0
78497777,GB,0.5
78497777,NO,0.5
78497813,NO,1.0
78497950,NO,1.0
78500332,NO,1.0
78500346,NO,1.0
78513390,US,1.0
78516554,NO,1.0
78516659,CH,1.0
78617355,FR,1.0
78617356,FR,1.0
78649093,NO,1.0
78649209,LI,1.0
78705808,US,1.0
78705841,US,1.0
78708861,CA,1.0
78709263,NO,1.0
78718372,NO,1.0
78718395,NO,1.0
78718412,GB,1.0
78718558,GB,1.0
78789715,JP,0.5
78789715,NL,0.5
78805909,NO,1.0
78806108,GB,0.5
78806108,NO,0.5
78806113,NO,1.0
78806135,NO,1.0
78806160,NO,1.0
78821899,FR,0.8
78821899,NO,0.2
78821953,NO,1.0
78827798,CH,1.0
78828452,NO,1.0
78828491,NO,1.0
78828508,NO,1.0
78829376,NL,0.5
78829376,NO,0.5
78829634,NO,1.0
78830494,NO,1.0
78844779,NO,1.0
78845056,CH,1.0
78845442,FI,1.0
78916582,NO,1.0
78916886,SK,1.0
78918687,NO,1.0
79021166,NO,1.0
79024141,NO,1.0
79024688,NO,1.0
79025202,NO,1.0
79031502,US,1.0
79163444,NO,1.0
79163596,NO,1.0
79163604,NO,1.0
79163870,NO,1.0
79164762,US,1.0
79185385,US,1.0
79230963,NO,1.0
79268177,NO,1.0
79269732,NO,1.0
79270256,GB,1.0
79270300,GB,1.0
79281583,NO,1.0
79281589,NO,1.0
79281590,NO,1.0
79315553,GB,0.3333333333333333
79315553,NO,0.3333333333333333
79315553,US,0.3333333333333333
79316739,FR,1.0
79316746,NO,1.0
79317178,NO,1.0
79553514,NO,1.0
79581195,CN,1.0
79601546,NO,1.0
79687188,NO,1.0
79730606,NO,1.0
79730659,NO,1.0
79730672,NO,1.0
79731034,NO,1.0
79831506,NO,1.0
80034802,CH,1.0
80035224,NO,1.0
80038577,NO,1.0
80038616,NO,1.0
80038671,NO,1.0
80038672,NO,1.0
80050700,NO,1.0
80079945,NO,1.0
80079967,NO,1.0
80080023,NO,1.0
80080037,NO,1.0
80080041,NO,1.0
80080124,NO,1.0
80080166,NO,1.0
80080167,NO,1.0
80080964,NO,1.0
80111909,NO,1.0
80113506,NO,1.0
80119235,US,1.0
80121674,NO,1.0
80121700,NO,1.0
80121901,CH,1.0
80121903,NO,1.0
80122004,NO,1.0
80122253,DK,1.0
80122693,NO,1.0
80122851,US,1.0
80122911,NO,1.0
80168262,NO,1.0
80218453,NO,1.0
80220033,NL,1.0
80222073,NO,1.0
80222294,NO,1.0
80222521,NO,1.0
80223192,US,1.0
80225387,NO,1.0
80262672,NO,1.0
80444018,NO,1.0
80444549,US,1.0
80445993,NO,1.0
80446150,DE,0.5
80446150,NO,0.5
80446273,NO,1.0
80446306,US,1.0
80446439,NO,1.0
80446766,NO,1.0
80446976,NO,1.0
80447263,NO,1.0
80447825,NO,1.0
80448580,CH,1.0
80448705,NO,1.0
80448973,NO,1.0
80449136,US,1.0
80461007,NO,1.0
80461111,US,1.0
80461563,US,1.0
80461592,US,1.0
80461811,NO,1.0
80595313,NO,1.0
80595314,NO,1.0
80595389,NO,1.0
80621259,GB,1.0
80623562,NO,1.0
80623632,NO,1.0
80623703,FR,1.0
80623882,GB,1.0
80623940,NO,1.0
80624064,NO,1.0
80624076,NO,1.0
80625048,NO,1.0
80625087,NO,1.0
80625103,FR,1.0
80625143,NO,1.0
80625357,NO,1.0
80625417,NO,1.0
80625449,NO,1.0
80625517,NO,1.0
80625551,NO,1.0
80628538,NO,1.0
80628716,NO,1.0
80628750,NO,1.0
80678830,ES,1.0
80683048,NO,1.0
80683785,NO,0.3333333333333333
80683785,SA,0.3333333333333333
80683785,US,0.3333333333333333
80685467,NO,1.0
80735848,FR,1.0
80736019,CH,1.0
80736087,US,1.0
80736130,NO,1.0
80738728,NO,1.0
80738910,NO,1.0
80775086,NO,1.0
80775339,NO,1.0
80780637,NO,1.0
80780783,NO,1.0
80780861,NO,1.0
80780933,NO,1.0
80780983,NO,1.0
80785110,NO,1.0
80785158,NO,1.0
80785278,NO,1.0
80786602,US,1.0
80786614,NO,1.0
80786739,NO,1.0
80786896,MT,1.0
80820274,NL,0.5
80820274,NO,0.5
80820305,NO,1.0
80820747,GB,1.0
80820780,GB,1.0
80820867,NO,1.0
80820998,GB,1.0
80857203,NO,1.0
80928957,NO,1.0
80930375,NO,1.0
80930421,NO,1.0
80930561,NO,1.0
80933274,NO,1.0
80933418,NO,1.0
80933436,NO,1.0
80933547,NO,1.0
80933596,NO,1.0
80933917,NO,1.0
80934430,NO,1.0
80934697,NO,1.0
80937060,NO,1.0
80937099,NO,1.0
80937213,NO,0.3333333333333333
80937213,SA,0.3333333333333333
80937213,US,0.3333333333333333
80937236,US,1.0
80952372,NO,1.0
80952377,US,1.0
80952480,NO,1.0
80978742,NO,1.0
80979061,NO,1.0
80998308,NO,1.0
81074028,NO,1.0
81074053,NO,1.0
81074071,FR,1.0
81074345,NO,1.0
81075476,NO,1.0
81075510,NO,1.0
81075561,NO,1.0
81075570,NO,1.0
81075575,NO,1.0
81075749,NO,1.0
81175289,NO,1.0
81206887,NO,1.0
81210399,NO,1.0
81213607,NO,1.0
81214495,NO,1.0
81254777,GB,1.0
81254791,NO,1.0
81254903,NO,1.0
81254906,NO,1.0
81254952,NO,1.0
81306665,NO,1.0
81306788,NO,1.0
81306981,NO,1.0
81307288,FR,1.0
81307311,NO,1.0
81307324,FR,1.0
81307492,CH,1.0
81308050,NO,1.0
81308176,NO,1.0
81308272,NO,1.0
81308553,NO,1.0
81308594,NO,1.0
81324982,NO,1.0
81325430,NO,1.0
81325431,NO,1.0
81325566,NO,1.0
81325759,NO,1.0
81326046,NO,1.0
81326128,NO,1.0
81326488,NO,1.0
81326591,US,1.0
81326879,NO,1.0
81327303,GB,1.0
81327653,NO,1.0
81328115,US,1.0
81328199,NO,1.0
81328200,NO,1.0
81344328,NO,1.0
81344337,NO,1.0
81344483,NO,1.0
81344503,NO,1.0
81344859,GB,1.0
81344898,GB,1.0
81346368,NO,1.0
81346577,NO,1.0
81380893,GB,1.0
81384634,NO,1.0
81384760,NO,1.0
81384781,NO,1.0
81385111,SE,1.0
81386561,US,1.0
81386647,NO,1.0
81386668,NO,1.0
81386760,DE,0.5
81386760,NO,0.5
81387099,NO,1.0
81388934,FR,1.0
81388984,NO,0.75
81388984,US,0.25
81389003,NO,1.0
81389076,NO,1.0
81389079,FR,1.0
81393173,NO,1.0
81448479,SG,1.0
81448632,US,1.0
81448725,NO,1.0
81448775,NO,1.0
81448897,NO,1.0
81449275,GB,1.0
81449402,NO,1.0
81454746,CH,1.0
81579630,US,1.0
81579635,NO,1.0
81580154,NO,1.0
81580233,NO,1.0
81580270,NO,1.0
81580295,NO,1.0
81580517,NO,1.0
81580604,NO,1.0
81580827,FR,1.0
81580920,NO,1.0
81581049,FR,1.0
81581143,FR,1.0
81581549,NO,1.0
81585230,NO,1.0
81585277,NO,1.0
81585445,NO,1.0
81585564,NO,1.0
81587255,NO,1.0
81588616,NO,1.0
81588790,NO,1.0
81595818,NO,1.0
81595823,FR,1.0
81597845,NO,1.0
81597914,NO,1.0
81598064,NO,1.0
81603506,NO,1.0
81603615,NO,1.0
81603727,NO,1.0
81603820,NO,1.0
81648083,NO,1.0
81648377,US,1.0
81648668,NO,1.0
81648712,US,1.0
81648753,NO,1.0
81648756,US,1.0
81653119,NO,1.0
81653470,NO,1.0
81653638,NO,1.0
81654569,US,1.0
81654639,FR,1.0
81654666,SE,1.0
81654701,NO,1.0
81654754,US,1.0
81654963,NO,1.0
81656899,NO,1.0
81658941,NO,1.0
81722278,NO,1.0
81748288,NO,1.0
81748332,NO,1.0
81748534,DE,0.5
81748534,NO,0.5
81748566,GB,0.5
81748566,NO,0.5
81748742,FR,1.0
81748770,US,1.0
81748833,NO,1.0
81750372,NO,1.0
81750431,NO,1.0
81750644,NO,1.0
81755416,NO,1.0
81841920,FR,1.0
81841971,NO,1.0
81842114,DE,1.0
81846492,DE,1.0
81850269,NO,1.0
81850423,NO,1.0
81850937,NO,1.0
81851058,NO,1.0
81851424,NO,1.0
81851786,FR,1.0
81851951,US,1.0
81851961,NO,1.0
81852021,GB,0.5
81852021,NO,0.5
81854365,NO,1.0
81854429,NO,1.0
81854511,NO,1.0
81854561,NO,1.0
81927810,NO,1.0
81940399,NO,1.0
81940532,US,1.0
81940685,FI,0.4444444444444444
81940685,NO,0.5555555555555556
81940740,NO,1.0
81940992,CH,1.0
81941029,NO,1.0
81941056,NO,1.0
81941057,NO,1.0
81941183,NO,1.0
81942679,US,1.0
81943752,NO,1.0
81943850,NO,1.0
81943853,NO,1.0
81943896,NO,1.0
81943952,NO,1.0
81975344,NO,0.5
81975344,RO,0.5
81975363,NO,1.0
81975364,NO,1.0
81984568,NO,1.0
82016277,NO,1.0
82016278,NO,1.0
82016296,NO,1.0
82016317,NO,1.0
82016364,NO,1.0
82016518,NO,1.0
82016537,NO,1.0
82016557,NO,1.0
82016574,NO,1.0
82016579,NO,1.0
82016622,SE,1.0
82019174,NO,1.0
82019386,NO,1.0
82019693,NO,1.0
82019888,NO,1.0
82020037,SG,1.0
82020091,NO,1.0
82020136,NO,1.0
82020824,NO,1.0
82020967,GB,1.0
82021181,NO,0.5
82021181,US,0.5
82023435,NO,1.0
82024111,NO,1.0
82058188,NO,1.0
82058243,NO,1.0
82058327,SE,1.0
82058424,SE,1.0
82058491,NO,1.0
82067491,NO,1.0
82067531,NO,1.0
82100296,NO,1.0
82100506,NO,1.0
82100708,NO,1.0
82115495,NO,1.0
82115521,NO,1.0
82115566,NO,1.0
82115571,NO,1.0
82115682,SE,1.0
82115838,NO,1.0
82115841,NO,1.0
82117078,NO,1.0
82117223,US,1.0
82117448,DK,0.3333333333333333
82117448,US,0.6666666666666666
82117604,NO,1.0
82156126,NO,1.0
82156162,NO,1.0
82156174,NO,1.0
82156199,NO,1.0
82156204,NO,1.0
82156385,NO,1.0
82156720,FR,1.0
82163351,NO,1.0
82163379,NO,1.0
82196722,JP,0.5
82196722,NO,0.5
82199329,DE,1.0
82199334,DE,1.0
82199505,NO,1.0
82214228,CH,1.0
82214350,JP,0.5
82214350,NO,0.5
82220583,NO,1.0
82220654,NO,1.0
82258190,NO,1.0
82258192,NO,1.0
82258236,NO,1.0
82258334,NO,1.0
82258572,NO,1.0
82270634,NO,1.0
82270661,NO,1.0
82270675,NO,1.0
82308501,NO,1.0
82319609,LV,1.0
82319840,NO,1.0
82319860,NO,1.0
82320063,NO,1.0
82321313,NO,1.0
82321401,NO,1.0
82321424,NO,1.0
82321568,NO,1.0
82324047,GB,1.0
82324131,NO,1.0
82357374,NO,1.0
82357377,NO,1.0
82357379,NO,1.0
82357385,NO,1.0
82357393,NO,1.0
82357398,NO,1.0
82358432,NO,1.0
82358531,NO,1.0
82358547,NO,1.0
82358646,NO,1.0
82361296,NO,1.0
82385593,NO,1.0
82399210,NO,1.0
82399406,NO,1.0
82399667,NO,1.0
82399708,NO,1.0
82403410,SE,1.0
82404009,NO,1.0
82404066,NO,1.0
82404145,SE,1.0
82404235,NO,1.0
82404265,NO,1.0
82404571,NO,1.0
82448702,GB,0.5
82448702,US,0.5
82482532,US,1.0
82482895,NO,1.0
82483026,NO,1.0
82483094,NO,1.0
82483540,NO,1.0
82492391,NO,1.0
82492426,NO,1.0
82492556,NO,1.0
82492654,NO,1.0
82492832,NO,1.0
82492867,CN,0.5
82492867,NO,0.5
82493530,NO,1.0
82493863,NO,1.0
82494071,NO,1.0
82495684,NO,1.0
82495692,NO,1.0
82496202,GB,1.0
82496277,NO,1.0
82546990,NO,1.0
82547539,NO,1.0
82548462,NO,1.0
82548970,NO,1.0
82549023,NO,1.0
82557899,SE,1.0
82594784,NO,1.0
82594970,NO,1.0
82595230,NO,1.0
82608433,NO,1.0
82608516,NO,1.0
82611111,NO,1.0
82653737,NO,1.0
82653738,NO,1.0
82653740,NO,1.0
82654901,CA,0.25
82654901,FR,0.25
82654901,NL,0.25
82654901,US,0.25
82655098,NO,1.0
82655111,NO,1.0
82655150,NO,1.0
82655181,NO,1.0
82693795,NO,1.0
82693796,NO,1.0
82693870,NO,1.0
82693949,NO,1.0
82701768,CH,1.0
82701928,DE,1.0
82701991,NO,1.0
82702943,NO,1.0
82703084,NO,1.0
82704521,GB,0.5
82704521,US,0.5
82705247,BR,1.0
82705269,NO,1.0
82705338,NO,1.0
82705339,NO,1.0
82705483,BR,1.0
82705570,NO,1.0
82741651,NO,1.0
82741657,NO,1.0
82741702,CA,0.25
82741702,FR,0.25
82741702,NL,0.25
82741702,US,0.25
82748122,NO,1.0
82780826,NL,1.0
82781111,NO,1.0
82786642,NO,1.0
82802511,NO,1.0
82802634,NO,1.0
82802653,NO,1.0
82838017,US,1.0
82838019,NO,1.0
82838024,NO,1.0
82838128,DK,1.0
82838980,NO,1.0
82839251,CH,1.0
82846144,FR,1.0
82846310,NO,1.0
82846328,FR,1.0
82850657,NO,1.0
82851645,NO,1.0
82851717,NO,1.0
82898868,SE,1.0
82899025,NO,1.0
82899372,NO,1.0
82900535,US,1.0
82900631,NO,1.0
82931537,NO,1.0
82931542,NO,1.0
82931551,NO,1.0
82932396,NO,1.0
82932514,NO,1.0
82932766,NO,1.0
82939746,NO,1.0
82939922,NO,1.0
82940046,NO,1.0
82942524,US,1.0
83004587,CH,0.6666666666666666
83004587,NO,0.3333333333333333
83004735,FR,1.0
83004832,NO,1.0
83046391,NO,1.0
83048370,NO,1.0
83048398,NO,1.0
83048400,NO,1.0
83048401,NO,1.0
83050003,US,1.0
83059139,NO,1.0
83081607,NO,1.0
83115333,FR,1.0
83115363,DE,1.0
83115512,NO,1.0
83116964,US,1.0
83149127,NO,1.0
83149261,US,1.0
83149420,NO,1.0
83151683,NO,1.0
83151773,NO,1.0
83154365,NO,1.0
83154371,NO,1.0
83154375,NO,1.0
83154376,NO,1.0
83188077,AU,1.0
83188283,NO,1.0
83189239,NO,1.0
83191828,NO,1.0
83191856,NO,1.0
83191952,NO,1.0
83191999,NO,1.0
83193207,FR,1.0
83193232,FR,1.0
83193236,GB,0.5
83193236,NO,0.5
83193274,FR,1.0
83193330,NO,1.0
83193362,US,1.0
83193536,FR,1.0
83193543,NO,1.0
83193627,FR,1.0
83226352,DK,1.0
83226950,NO,1.0
83226953,NO,1.0
83226956,NO,1.0
83227280,CA,0.25
83227280,FR,0.25
83227280,NL,0.25
83227280,US,0.25
83228860,NO,1.0
83232598,DE,0.5
83232598,NO,0.5
83232796,NO,1.0
83265704,NO,1.0
83271101,DE,0.5
83271101,NO,0.5
83271154,DE,0.5
83271154,NO,0.5
83271166,NO,1.0
83271293,NO,1.0
83271346,NO,1.0
83271688,NO,1.0
83280286,NO,1.0
83280302,NO,1.0
83280424,NO,1.0
83280526,NO,1.0
83280530,NO,1.0
83283103,NO,1.0
83283191,NO,1.0
83285501,NO,1.0
83318880,NO,1.0
83318908,NO,1.0
83318998,NO,1.0
83321527,NO,1.0
83322546,NO,1.0
83355291,US,1.0
83355415,NO,1.0
83355527,CH,1.0
83355801,NO,1.0
83360893,NO,1.0
83361042,NO,1.0
83361222,NO,1.0
83361320,NO,1.0
83363180,US,1.0
83363246,US,1.0
83364984,NO,1.0
83380825,NO,1.0
83395966,NO,1.0
83395979,NO,1.0
83396100,CA,0.25
83396100,FR,0.25
83396100,NL,0.25
83396100,US,0.25
83398157,NO,1.0
83398304,NO,1.0
83398425,NO,1.0
83398476,NO,1.0
83400691,NO,1.0
83400834,NO,1.0
83401951,NO,1.0
83438284,NO,1.0
83440063,NO,1.0
83440072,NO,1.0
83447795,US,1.0
83457483,NO,1.0
83459741,NO,1.0
83505504,CA,1.0
83506257,NO,1.0
83507570,GB,0.2
83507570,GR,0.6
83507570,NO,0.2
83508729,CH,1.0
83545728,US,1.0
83546808,NO,1.0
83558022,NO,1.0
83558072,NO,1.0
83558073,GB,0.3333333333333333
83558073,NO,0.6666666666666666
83558141,NO,1.0
83558278,NO,1.0
83586993,NO,1.0
83594174,NO,1.0
83594243,FR,1.0
83598563,NO,1.0
83640899,NO,1.0
83640907,NO,1.0
83640917,NO,1.0
83657842,NO,1.0
83658162,NO,1.0
83688636,NO,1.0
83688643,NO,1.0
83689843,SE,1.0
83690003,NO,1.0
83690083,US,1.0
83691075,NO,1.0
83691374,NO,1.0
83692955,NL,0.5
83692955,NO,0.5
83693055,NO,1.0
83693155,NO,1.0
83693933,SA,1.0
83722551,NO,1.0
83722553,NO,1.0
83722556,NO,1.0
83722557,NL,0.2
83722557,NO,0.8
83723140,GB,0.5
83723140,US,0.5
83808491,NO,1.0
83838579,NO,1.0
83847140,NO,1.0
83847143,NO,1.0
83848905,NO,1.0
83898077,NO,1.0
83898498,CH,1.0
83899371,US,1.0
83901259,US,1.0
83901590,NO,1.0
83902117,NO,1.0
83902160,NO,1.0
83902222,NO,1.0
83903271,NO,1.0
83903310,US,1.0
83903326,DE,1.0
83931627,NO,1.0
83931666,US,1.0
83931679,FR,1.0
83931702,FR,1.0
83931726,NO,1.0
83931742,NO,1.0
83931862,NO,1.0
83931874,NO,1.0
83932887,NO,1.0
83932889,NO,1.0
83932892,NO,1.0
83932969,NO,0.5
83932969,US,0.5
83933415,NO,1.0
83945106,NO,1.0
83945204,NO,1.0
83978610,NO,1.0
83994952,DK,0.5
83994952,NO,0.5
83995063,FR,1.0
83995396,NO,1.0
83995521,GB,0.5
83995521,NO,0.5
83996555,DE,1.0
83996643,NO,1.0
83998677,NO,1.0
83999582,CA,0.25
83999582,FR,0.25
83999582,NL,0.25
83999582,US,0.25
84000344,NO,1.0
84028775,NO,1.0
84028781,NO,1.0
84044118,BE,1.0
84044710,NO,1.0
84044871,NO,1.0
84045077,DE,1.0
84045093,NO,1.0
84045111,NO,1.0
84046074,NO,1.0
84047713,NO,1.0
84047781,NO,1.0
84102990,CA,0.25
84102990,FR,0.25
84102990,NL,0.25
84102990,US,0.25
84103488,US,1.0
84110344,NO,1.0
84140688,NO,1.0
84140693,NO,1.0
84140711,NO,1.0
84140824,NO,0.5
84140824,US,0.5
84179481,US,1.0
84195218,GB,1.0
84195361,NO,1.0
84228310,FR,0.5
84228310,NL,0.5
84230281,FR,0.5
84230281,NL,0.5
84245750,NO,1.0
84245781,NO,1.0
84246047,NO,1.0
84246126,NO,1.0
84285060,NO,1.0
84286009,US,1.0
84286076,NO,1.0
84322529,CA,1.0
84323469,NO,1.0
84323471,NO,1.0
84323472,NO,1.0
84323475,NO,1.0
84329537,NO,1.0
84329593,NO,1.0
84329957,NO,1.0
84330049,NO,1.0
84330198,US,1.0
84330392,NO,1.0
84330699,NO,1.0
84330726,NO,1.0
84330791,US,1.0
84331088,NO,1.0
84331622,US,1.0
84331791,SE,1.0
84331882,NO,1.0
84332329,NO,1.0
84358416,NO,1.0
84358440,NO,1.0
84359663,NO,1.0
84359819,NO,1.0
84359885,NO,1.0
84360441,NO,1.0
84360637,IE,1.0
84360701,CH,1.0
84361081,NO,1.0
84361120,NO,1.0
84361381,CH,1.0
84361923,NO,1.0
84362063,NO,1.0
84362151,NO,1.0
84362155,NO,1.0
84362198,NO,1.0
84362429,NO,1.0
84362446,GB,0.5
84362446,NO,0.5
84362527,NO,1.0
84362530,NO,1.0
84362609,NO,1.0
84363015,NO,1.0
84363227,NO,1.0
84363675,NO,1.0
84363993,NO,1.0
84364003,NO,1.0
84365420,NO,0.5
84365420,US,0.5
84365428,NO,1.0
84365605,NO,1.0
84367351,NO,1.0
84367356,DE,1.0
84367489,NO,1.0
84367565,DE,1.0
84367579,IE,1.0
84369636,NO,1.0
84370164,NO,1.0
84370645,NO,1.0
84370755,NO,1.0
84370827,NO,1.0
84387566,NO,1.0
84387811,NO,1.0
84387933,NO,1.0
84389249,NO,1.0
84389357,NO,1.0
84390937,US,1.0
84421315,NO,1.0
84421414,NO,1.0
84421564,US,1.0
84439873,NO,1.0
84440068,NO,1.0
84440101,NO,0.5
84440101,PT,0.5
84462687,NO,1.0
84463136,GB,0.4
84463136,NO,0.6
84487455,NO,1.0
84487475,NO,1.0
84487539,NO,1.0
84487816,NO,1.0
84488049,NO,1.0
84488816,NO,1.0
84519385,NO,1.0
84519503,US,1.0
84519697,NO,1.0
84519785,NO,1.0
84519860,NO,1.0
84519954,NO,1.0
84526276,NO,1.0
84526278,NO,1.0
84526709,US,1.0
84526777,GB,0.5
84526777,US,0.5
84534580,NO,1.0
84534778,NO,1.0
84534804,NO,1.0
84535741,NO,1.0
84535861,NO,1.0
84537126,NO,1.0
84539872,GB,1.0
84539966,NO,1.0
84540302,NO,1.0
84540471,NO,1.0
84540520,NO,1.0
84540558,NO,1.0
84540648,GB,1.0
84540650,GB,1.0
84540922,NO,1.0
84543084,GB,1.0
84544681,NO,1.0
84544683,NO,1.0
84544684,NO,1.0
84544814,US,1.0
84544947,CA,0.25
84544947,FR,0.25
84544947,NL,0.25
84544947,US,0.25
84545910,CA,0.25
84545910,FR,0.25
84545910,NL,0.25
84545910,US,0.25
84545916,CA,0.25
84545916,FR,0.25
84545916,NL,0.25
84545916,US,0.25
84545920,CA,0.25
84545920,FR,0.25
84545920,NL,0.25
84545920,US,0.25
84546105,NO,1.0
84546136,NO,1.0
84546256,NO,0.5
84546256,US,0.5
84546481,NO,1.0
84546484,NO,1.0
84569226,US,1.0
84602319,CH,1.0
84602414,NO,1.0
84602637,FR,1.0
84688156,NO,1.0
84688256,NO,1.0
84688281,NO,1.0
84688309,NO,1.0
84688325,NO,1.0
84689101,NO,1.0
84689242,NO,1.0
84689271,NO,1.0
84690703,CA,0.25
84690703,FR,0.25
84690703,NL,0.25
84690703,US,0.25
84691996,NO,1.0
84691998,NO,1.0
84692002,NO,1.0
84693268,NO,1.0
84766987,CH,1.0
84767055,NO,1.0
84767071,NO,1.0
84785196,NO,1.0
84799742,CH,1.0
84799814,NO,1.0
84799967,NO,1.0
84801836,NO,1.0
84801839,NO,1.0
84801842,NO,1.0
84801849,NO,1.0
84801856,NO,1.0
84801858,NO,1.0
84801862,NO,1.0
84801870,NO,1.0
84801873,NO,1.0
84817389,NO,1.0
84817486,NO,1.0
84817708,GB,1.0
84817850,NO,1.0
84817856,NO,1.0
84818101,NO,1.0
84818401,GB,1.0
84818426,NO,1.0
84818454,NO,1.0
84818592,NO,1.0
84819845,NO,1.0
84820400,NO,1.0
84829497,NO,1.0
84830110,NO,1.0
84830155,NO,1.0
84839735,NO,1.0
84839736,NO,1.0
84839738,NO,1.0
84839750,NO,1.0
84840046,NO,1.0
84887267,US,1.0
84887615,NL,1.0
84887804,FR,1.0
84888667,NO,1.0
84888767,US,1.0
84888782,NO,1.0
84888805,NO,1.0
84888843,NO,1.0
84889036,GB,1.0
84889039,GB,1.0
84889064,NO,1.0
84889083,GB,1.0
84889130,GB,1.0
84889137,GB,1.0
84889152,GB,1.0
84889179,NO,1.0
84889593,NO,1.0
84901273,FR,1.0
84901362,NO,1.0
84901410,FR,1.0
84901510,FR,1.0
84901527,NO,1.0
84901591,NO,1.0
84901615,FR,1.0
84901637,NO,1.0
84919565,NO,1.0
84919567,NO,1.0
84923264,BE,1.0
84926255,NO,1.0
84926256,NO,1.0
84926480,NO,1.0
84926513,NO,1.0
84926627,NO,1.0
84943638,NO,1.0
84974607,NO,1.0
84974613,GB,1.0
84974615,GB,1.0
84974820,NO,1.0
84980529,CA,0.25
84980529,FR,0.25
84980529,NL,0.25
84980529,US,0.25
84981147,NO,1.0
84981598,NO,1.0
84981702,NO,1.0
84982067,NO,1.0
84982303,NO,1.0
84982579,NO,1.0
85017752,US,1.0
85017831,NO,1.0
85018008,NO,1.0
85018269,FR,1.0
85018330,NO,1.0
85018420,FR,1.0
85018559,NO,1.0
85018814,NO,1.0
85019074,NO,1.0
85035973,NO,1.0
85035997,NO,1.0
85036040,NO,1.0
85036194,NO,1.0
85036446,NO,1.0
85036669,NO,1.0
85036672,NO,1.0
85036674,NO,1.0
85036833,NO,1.0
85038682,NO,1.0
85076022,NO,1.0
85076200,FR,1.0
85076211,NO,1.0
85076336,US,1.0
85076447,FR,1.0
85078622,NO,1.0
85085964,CA,1.0
85087092,NO,1.0
85121924,NO,1.0
85129957,NO,1.0
85130174,NO,1.0
85130184,NO,1.0
85132921,NO,1.0
85150612,NO,1.0
85150688,NO,1.0
85155998,NO,1.0
85156004,NO,1.0
85156037,SE,1.0
85157210,NO,1.0
85157499,NO,1.0
85158924,NO,1.0
85160609,NO,1.0
85172699,US,1.0
85173073,US,1.0
85174035,US,1.0
85198830,US,1.0
85199278,US,1.0
85200906,NO,1.0
85200916,NO,1.0
85200918,NO,1.0
85202425,NO,1.0
85202426,NO,1.0
85221940,US,1.0
85225044,NO,1.0
85225330,NO,1.0
85227406,NO,1.0
85229080,NO,1.0
85240839,NO,1.0
85240874,NO,1.0
85240955,CA,0.25
85240955,FR,0.25
85240955,NL,0.25
85240955,US,0.25
85277957,NO,1.0
85278118,NO,1.0
85278251,NO,1.0
85278365,US,1.0
85283804,NO,1.0
85284980,NO,1.0
85285077,SE,1.0
85285119,NO,1.0
85285236,NO,1.0
85322024,NO,1.0
85322028,NO,1.0
85323219,CA,0.25
85323219,FR,0.25
85323219,NL,0.25
85323219,US,0.25
85323226,CA,0.25
85323226,FR,0.25
85323226,NL,0.25
85323226,US,0.25
85328647,US,1.0
85381234,NO,1.0
85381315,NO,1.0
85382708,NO,1.0
85383043,NO,1.0
85383049,US,1.0
85387134,NO,1.0
85410101,NO,1.0
85410331,NO,1.0
85412976,NO,1.0
85415350,NO,1.0
85461715,NO,1.0
85476167,NO,1.0
85476261,NO,1.0
85476294,NO,1.0
85477925,NO,1.0
85478511,US,1.0
85479528,GB,1.0
85505422,NO,1.0
85506878,NO,1.0
85507075,NO,0.5
85507075,US,0.5
85507708,CA,0.25
85507708,FR,0.25
85507708,NL,0.25
85507708,US,0.25
85511085,NO,1.0
85556810,NO,1.0
85572871,NO,1.0
85603314,NO,1.0
85603316,NO,1.0
85603422,CA,0.25
85603422,FR,0.25
85603422,NL,0.25
85603422,US,0.25
85603562,CA,0.25
85603562,FR,0.25
85603562,NL,0.25
85603562,US,0.25
85603566,CA,0.25
85603566,FR,0.25
85603566,NL,0.25
85603566,US,0.25
85640846,NO,1.0
85641078,NO,1.0
85641807,NO,1.0
85641808,NO,1.0
85641809,AU,1.0
85685392,NL,0.5
85685392,NO,0.5
85703617,NO,1.0
85703746,NO,1.0
85720995,NO,1.0
85721115,CA,0.25
85721115,FR,0.25
85721115,NL,0.25
85721115,US,0.25
85724679,NO,1.0
85724734,NO,1.0
85724873,NO,1.0
85727115,NO,1.0
85772061,NO,1.0
85772139,US,1.0
85772311,NO,1.0
85774431,NO,1.0
85783293,NO,1.0
85783296,NO,1.0
85783297,NO,1.0
85783304,NO,1.0
85792745,FI,1.0
85792794,NO,1.0
85796878,NO,1.0
85797205,SE,1.0
85797536,NO,1.0
85797973,US,1.0
85799539,FI,1.0
85799567,NO,1.0
85800547,NO,1.0
85800760,NO,1.0
85800820,NO,1.0
85803672,IN,0.4
85803672,NO,0.4
85803672,US,0.2
85804561,NO,1.0
85804741,NO,0.3333333333333333
85804741,US,0.6666666666666666
85936821,NO,1.0
85937021,NO,1.0
85937174,NO,1.0
85937390,NO,1.0
85937644,DK,1.0
85979675,NO,1.0
85979701,NO,1.0
85979851,NO,1.0
85980666,NO,1.0
85980716,NO,1.0
85982447,US,1.0
85982448,NO,1.0
85983027,US,1.0
85985135,NO,1.0
85987613,NO,1.0
85987615,NO,1.0
85987618,NO,1.0
85988852,US,1.0
86008097,NO,1.0
86052143,NO,1.0
86055911,US,1.0
86057386,US,1.0
86058436,NO,1.0
86058438,NO,1.0
86058443,NO,1.0
86058450,NO,1.0
86058491,NO,1.0
86058493,NO,1.0
86058507,NO,1.0
86059572,CA,0.25
86059572,FR,0.25
86059572,NL,0.25
86059572,US,0.25
86097364,NO,1.0
86097367,NO,1.0
86099929,NO,1.0
86100984,NO,1.0
86158454,CA,0.25
86158454,FR,0.25
86158454,NL,0.25
86158454,US,0.25
86160204,AU,0.3333333333333333
86160204,NO,0.6666666666666666
86185143,NO,1.0
86185382,NO,1.0
86226439,NO,1.0
86226811,NO,1.0
86226845,NO,1.0
86229023,US,1.0
86229725,NO,1.0
86241453,AU,1.0
86241480,NO,1.0
86241930,CA,0.25
86241930,FR,0.25
86241930,NL,0.25
86241930,US,0.25
86241986,CA,0.25
86241986,FR,0.25
86241986,NL,0.25
86241986,US,0.25
86272285,NO,1.0
86272477,NO,1.0
86282126,NO,1.0
86282729,NO,1.0
86285976,US,1.0
86316315,NO,1.0
86324252,US,1.0
86328850,NO,1.0
86329437,NO,1.0
86329647,NO,1.0
86329935,NO,1.0
86331818,NO,1.0
86332188,NO,1.0
86336484,NO,1.0
86336502,NO,1.0
86336511,NO,1.0
86336513,NO,1.0
86378268,NO,1.0
86382646,NO,1.0
86382684,NO,1.0
86382689,NO,1.0
86382690,NO,1.0
86382764,NO,1.0
86382981,NO,1.0
86387114,NO,1.0
86397548,NO,1.0
86397555,NO,1.0
86397556,NO,1.0
86397557,NO,1.0
86397565,NO,1.0
86397593,SE,1.0
86397669,CA,0.25
86397669,FR,0.25
86397669,NL,0.25
86397669,US,0.25
86397933,NO,0.5
86397933,US,0.5
86424661,NO,1.0
86424664,NO,1.0
86424897,NO,1.0
86426168,NO,1.0
86497585,NO,1.0
86497710,NO,1.0
86499756,NO,1.0
86499913,US,1.0
86540228,NO,1.0
86546567,NO,1.0
86548533,NO,1.0
86558836,NL,0.5
86558836,NO,0.5
86603877,NO,1.0
86605075,NO,1.0
86605233,NO,1.0
86605316,NO,1.0
86608414,US,1.0
86609564,US,1.0
86612870,NO,1.0
86646504,NO,1.0
86657167,NO,1.0
86657376,NO,1.0
86692777,NO,1.0
86692955,NO,1.0
86693050,NO,1.0
86693792,NO,1.0
86693844,NO,1.0
86693845,NO,1.0
86693930,US,1.0
86693961,US,1.0
86695162,US,1.0
86710670,NO,1.0
86710723,NO,1.0
86710777,NO,1.0
86729205,NO,1.0
86730827,NO,1.0
86730870,NO,1.0
86730878,NO,1.0
86730880,NO,1.0
86730882,NO,1.0
86730883,NO,1.0
86730885,NO,1.0
86732068,NO,1.0
86732553,NO,1.0
86732723,NO,1.0
86733429,NO,1.0
86760240,NL,1.0
86760595,NO,1.0
86763409,NO,1.0
86764517,US,1.0
86764634,NO,1.0
86764667,SE,1.0
86764738,NO,1.0
86764818,NO,1.0
86767578,NO,1.0
86768230,GB,1.0
86771333,SE,1.0
86771338,NO,1.0
86771342,SE,1.0
86773217,NO,1.0
86773219,NO,1.0
86773220,NO,1.0
86773468,NO,0.3333333333333333
86773468,US,0.6666666666666666
86775363,IN,1.0
86851452,SE,1.0
86861714,NO,1.0
86862100,NO,1.0
86895752,NO,1.0
86895753,NO,1.0
86898145,NO,1.0
86899166,NO,1.0
86903241,NO,1.0
86903252,NO,1.0
86903254,NO,1.0
86903259,NO,1.0
86903264,NO,1.0
86903267,NO,1.0
86903439,NO,1.0
86903950,NO,1.0
86904000,NO,1.0
86904054,US,1.0
86904073,SE,1.0
86904394,NO,1.0
86942010,NO,1.0
86942377,NO,1.0
86942897,NO,1.0
86949056,NO,1.0
86949116,NO,1.0
86949118,NO,1.0
86999813,NO,1.0
86999829,NO,1.0
87001786,NO,1.0
87001850,NO,1.0
87001907,NO,1.0
87002998,NO,1.0
87003152,NO,1.0
87035943,US,1.0
87036043,NO,1.0
87036963,NO,1.0
87036967,FI,1.0
87036970,NO,1.0
87037343,NO,1.0
87059803,NO,1.0
87059806,NO,1.0
87060118,NO,1.0
87060723,NO,1.0
87068787,NO,1.0
87070496,US,1.0
87074598,NO,1.0
87074742,NO,1.0
87136887,NO,1.0
87136914,NO,1.0
87155665,NO,1.0
87157013,NO,1.0
87157881,NO,1.0
87158083,NO,1.0
87160462,NO,1.0
87161489,US,1.0
87162201,GB,1.0
87163338,US,1.0
87196211,DK,1.0
87196336,SE,1.0
87201932,NO,1.0
87201988,NO,1.0
87202546,NO,1.0
87245461,DK,1.0
87245562,NO,1.0
87245620,DK,1.0
87312601,NO,1.0
87312887,NO,1.0
87348612,NO,1.0
87348617,NO,1.0
87377700,NO,1.0
87377966,NO,1.0
87378624,NO,1.0
87378625,NO,1.0
87418866,NO,1.0
87419357,NO,1.0
87419358,NO,1.0
87424130,NO,1.0
87424131,NO,1.0
87430510,NO,0.25
87430510,SG,0.5
87430510,US,0.25
87430599,NO,0.3333333333333333
87430599,SG,0.3333333333333333
87430599,US,0.3333333333333333
87430779,NO,0.3333333333333333
87430779,SG,0.3333333333333333
87430779,US,0.3333333333333333
87431537,NO,1.0
87431629,NO,1.0
87431651,NO,1.0
87432030,US,1.0
87468463,NO,1.0
87468469,NO,1.0
87468524,NO,1.0
87468600,NO,1.0
87472293,NO,1.0
87472298,NO,1.0
87472322,NO,1.0
87472344,NO,1.0
87472346,NO,1.0
87472347,NO,1.0
87473724,NO,1.0
87473727,NO,1.0
87474048,NO,1.0
87474092,NO,1.0
87513982,NO,1.0
87514204,NO,1.0
87514244,NO,1.0
87517025,NO,1.0
87517293,NO,1.0
87517433,NO,1.0
87519710,NO,1.0
87519771,NO,1.0
87519775,NO,1.0
87519911,NO,1.0
87521786,NO,0.25
87521786,US,0.75
87521808,US,1.0
87521966,US,1.0
87552676,NO,1.0
87552677,NO,1.0
87553504,NO,1.0
87553505,NO,1.0
87553506,NO,1.0
87554176,NO,1.0
87554589,NO,1.0
87554791,NL,0.5
87554791,NO,0.5
87557311,DE,1.0
87557792,NO,1.0
87559274,US,1.0
87559323,US,1.0
87559733,US,1.0
87559748,US,1.0
87560972,US,1.0
87560996,US,1.0
87561101,US,1.0
87564855,NO,1.0
87567711,NO,1.0
87568924,NO,1.0
87568926,NO,1.0
87571053,NO,0.5
87571053,PT,0.5
87571094,MT,1.0
87573777,US,1.0
87573802,US,1.0
87573806,US,1.0
87574881,NO,1.0
87575113,US,1.0
87577953,JP,1.0
87578710,NO,1.0
87578752,CA,0.25
87578752,FR,0.25
87578752,NL,0.25
87578752,US,0.25
87580140,NO,1.0
87643911,NO,1.0
87695987,NO,1.0
87760171,NO,1.0
87760207,FI,1.0
87760224,FI,1.0
87760285,NO,1.0
87760543,NO,1.0
87762294,US,1.0
87762686,AT,0.5
87762686,NO,0.5
87762763,NO,1.0
87762940,NO,1.0
87762973,NO,1.0
87766515,NO,1.0
87797661,NO,1.0
87802082,NO,1.0
87802083,NO,1.0
87803516,NO,1.0
87803643,NO,1.0
87803662,NO,1.0
87845555,US,1.0
87845615,NO,1.0
87848052,NO,1.0
87850120,US,1.0
87863560,NO,1.0
87863592,NO,1.0
87863663,NO,1.0
87884081,NO,1.0
87884085,NO,1.0
87886652,NO,1.0
87886686,NO,1.0
87886696,NO,1.0
87886921,NO,1.0
87888027,NO,1.0
87888088,NO,1.0
87888093,NO,1.0
87930859,US,1.0
87932159,US,1.0
87933557,NO,1.0
87933868,NO,1.0
87934417,NO,1.0
87935544,NO,1.0
87935593,NO,1.0
87935594,NO,1.0
87935595,NO,1.0
87974641,NO,1.0
87974657,NO,1.0
87975470,NO,1.0
87975489,NO,1.0
87975712,NO,1.0
88012220,GB,1.0
88020934,DE,1.0
88023905,US,1.0
88060616,NO,1.0
88064656,NO,1.0
88064677,NO,1.0
88067497,US,1.0
88068341,US,1.0
88068451,US,1.0
88068917,NO,1.0
88069409,NO,1.0
88069678,BE,1.0
88093107,NO,1.0
88093144,NO,1.0
88094711,GB,1.0
88095846,US,1.0
88096533,US,1.0
88101915,NO,1.0
88143904,NO,1.0
88143943,NO,1.0
88143944,NO,1.0
88144554,NO,1.0
88146812,NO,1.0
88189661,NO,1.0
88192202,NO,1.0
88192291,NO,1.0
88193179,US,1.0
88194133,NO,1.0
88194460,GB,1.0
88194470,GB,1.0
88194977,CA,0.25
88194977,FR,0.25
88194977,NL,0.25
88194977,US,0.25
88194981,US,1.0
88194996,CA,0.25
88194996,FR,0.25
88194996,NL,0.25
88194996,US,0.25
88195003,CA,0.25
88195003,FR,0.25
88195003,NL,0.25
88195003,US,0.25
88195067,NO,1.0
88197003,NO,1.0
88203231,NO,1.0
88204263,NO,1.0
88204414,NO,1.0
88204415,NO,1.0
88237341,SE,1.0
88237498,SE,1.0
88237748,NO,1.0
88239055,US,1.0
88287269,NO,1.0
88291842,NO,1.0
88292092,KR,0.6666666666666666
88292092,NO,0.3333333333333333
88297034,US,1.0
88297326,NO,1.0
88297327,NO,1.0
88297328,NO,1.0
88297329,NO,1.0
88307068,NO,1.0
88307069,NO,1.0
88307088,NO,1.0
88307732,DE,1.0
88315436,NO,1.0
88315776,NO,1.0
88315883,NO,1.0
88372548,NO,1.0
88372549,NO,1.0
88372550,NO,1.0
88405031,NO,1.0
88412321,NO,1.0
88414832,US,1.0
88417123,NO,1.0
88420214,NO,1.0
88466563,NO,1.0
88468966,NO,1.0
88469728,PL,1.0
88504989,NO,1.0
88505303,NO,1.0
88506538,NO,1.0
88506998,NO,1.0
88507021,NO,1.0
88511907,US,1.0
88512106,US,1.0
88517342,NO,1.0
88517479,NO,1.0
88519332,NO,1.0
88519342,NO,1.0
88558404,NO,1.0
88558570,NO,1.0
88564017,NO,1.0
88564018,NO,1.0
88564019,NO,1.0
88600651,NO,1.0
88648578,NO,1.0
88648901,NO,1.0
88650745,NO,1.0
88651410,NO,1.0
88689913,NO,1.0
88689941,NO,1.0
88690241,NO,1.0
88695472,NO,1.0
88695496,NO,1.0
88695532,US,1.0
88695592,NO,1.0
88695672,NO,1.0
88730602,NO,1.0
88730664,NO,1.0
88730677,NO,1.0
88731430,NO,1.0
88731432,NO,0.3333333333333333
88731432,SA,0.3333333333333333
88731432,US,0.3333333333333333
88745797,NO,1.0
88745798,NO,1.0
88777737,US,1.0
88778527,NO,1.0
88779310,NO,1.0
88792303,IT,0.16666666666666666
88792303,NO,0.16666666666666666
88792303,US,0.6666666666666666
88792998,NO,1.0
88793193,NO,1.0
88793261,NO,1.0
88835617,NO,1.0
88835877,NO,1.0
88836573,US,1.0
88837159,NO,1.0
88838970,NO,1.0
88839869,NO,1.0
88839931,NO,1.0
88839932,NO,1.0
88839937,NO,1.0
88863432,NO,1.0
88874460,NO,1.0
88874865,NO,1.0
88874960,NO,1.0
88876392,US,1.0
88876420,US,1.0
88877339,NO,1.0
88877934,NO,1.0
88878800,NO,1.0
88879084,NO,1.0
88879185,NO,1.0
88880588,NO,1.0
88919608,NO,1.0
88923596,NO,1.0
88965230,DK,0.5
88965230,NO,0.5
88969494,NO,1.0
88969820,NO,1.0
88974957,US,1.0
88975422,NO,1.0
88976229,US,1.0
88977449,NO,1.0
88977466,US,1.0
88978326,NO,1.0
88978434,NO,1.0
88978458,NO,1.0
89022952,NO,1.0
89029748,NO,1.0
89030135,NO,1.0
89030136,NO,1.0
89030138,NO,1.0
89030139,NO,1.0
89068353,LT,0.5
89068353,NO,0.5
89068691,NO,1.0
89069285,NO,1.0
89069667,NO,1.0
89073267,SE,1.0
89073669,NO,1.0
89076162,NO,1.0
89076426,NO,1.0
89077261,NO,1.0
89077372,US,1.0
89077383,US,1.0
89118755,NO,1.0
89118756,NO,1.0
89118759,NO,1.0
89119582,NO,1.0
89121454,NO,1.0
89121757,NO,1.0
89122021,NO,1.0
89122166,NO,1.0
89146926,NO,1.0
89146927,NO,1.0
89146928,NO,1.0
89157898,NO,0.3333333333333333
89157898,SA,0.3333333333333333
89157898,US,0.3333333333333333
89158735,NO,1.0
89158980,NO,1.0
89158993,NO,1.0
89159390,NO,1.0
89159394,NO,1.0
89170160,NO,1.0
89191705,NO,1.0
89223371,NO,1.0
89223699,NO,1.0
89223764,NO,1.0
89223798,NO,1.0
89223928,NO,1.0
89307366,NO,1.0
89307367,NO,1.0
89308875,NO,1.0
89324075,US,1.0
89380319,NO,1.0
89380343,NO,1.0
89381038,US,1.0
89381042,US,1.0
89381205,NO,1.0
89381208,NO,1.0
89381210,NO,1.0
89384424,NO,1.0
89384425,NO,1.0
89386315,NO,1.0
89426963,GB,1.0
89428665,NO,1.0
89429928,NO,1.0
89430485,NO,1.0
89430519,NO,1.0
89432752,NO,1.0
89433813,NO,1.0
89452437,NO,1.0
89452600,NO,1.0
89453888,NO,1.0
89453891,NO,1.0
89473350,NO,1.0
89473444,NO,1.0
89473993,NO,1.0
89493229,US,1.0
89507486,NO,1.0
89507533,NO,1.0
89507632,NO,1.0
89508877,NO,1.0
89508937,NO,1.0
89508939,NO,1.0
89508961,NO,1.0
89509705,US,1.0
89510091,US,1.0
89510469,NO,1.0
89535689,NO,1.0
89535906,NO,1.0
89535947,NO,1.0
89537178,NO,1.0
89537182,NO,1.0
89541321,NO,1.0
89543840,NO,1.0
89543841,NO,1.0
89543842,NO,1.0
89573860,FR,0.5
89573860,NL,0.5
89619962,NO,1.0
89648249,NO,1.0
89648250,NO,1.0
89648251,NO,1.0
89658325,NO,1.0
89658771,NO,1.0
89661356,NO,1.0
89662277,NO,1.0
89663044,NO,1.0
89707093,NO,1.0
89718004,NO,1.0
89718005,NO,1.0
89718006,NO,1.0
89719980,NO,1.0
89720027,NO,1.0
89722926,NO,1.0
89751940,US,1.0
89767475,NO,1.0
89768240,NO,1.0
89769722,NO,1.0
89770363,NO,1.0
89808638,DE,1.0
89843965,NO,1.0
89846906,US,1.0
89847243,GB,0.5
89847243,NO,0.5
89854305,NO,1.0
89855868,NO,1.0
89906799,US,1.0
89907091,US,1.0
89908407,NO,1.0
89941998,NO,1.0
89942008,NO,1.0
89942689,NO,1.0
89942690,NO,1.0
89942691,NO,1.0
89985081,US,1.0
89995487,US,1.0
90013846,NO,1.0
90038817,NO,1.0
90086737,NO,1.0
90098444,NO,1.0
90098505,US,1.0
90140795,US,1.0
90141824,US,1.0
90243479,US,1.0
90244897,NO,1.0
90300563,NO,1.0
90345587,NO,1.0
90359174,US,1.0
90360450,US,1.0
90360987,NO,1.0
90366879,NO,1.0
90453469,MT,1.0
90453470,NO,1.0
90454757,NO,1.0
90470592,US,1.0
90470848,US,1.0
90471714,NO,1.0
90472229,US,1.0
90478827,NO,1.0
90478835,NO,1.0
90526515,NO,1.0
90526516,NO,1.0
90526517,NO,1.0
90526518,NO,1.0
90526519,NO,1.0
90526520,NO,1.0
90526737,NO,1.0
90556510,NO,1.0
90566959,DK,1.0
90574545,US,1.0
90575234,NO,1.0
90608414,NO,1.0
90608417,NO,1.0
90608427,NO,1.0
90608431,NO,1.0
90608448,NO,1.0
90668342,NO,1.0
90670060,NO,1.0
90714505,NO,1.0
90714506,NO,1.0
90728975,NO,1.0
90827158,NO,1.0
90833716,US,1.0
90833843,US,1.0
90898350,US,1.0
90911576,NO,1.0
90927424,MT,1.0
90927841,US,1.0
90931142,NO,1.0
90970795,NO,1.0
90970797,NO,1.0
91027663,US,1.0
91028211,US,1.0
91049131,GB,1.0
91070352,NO,1.0
91073713,NO,1.0
91075117,NO,1.0
91075118,NO,1.0
91079527,US,1.0
91080319,GB,1.0
91085138,NO,1.0
91085147,NO,1.0
91085161,NO,1.0
91130355,NO,1.0
91130364,NO,1.0
91196378,NO,1.0
91196416,NO,1.0
91196427,NO,1.0
91227550,NO,1.0
91227557,NO,1.0
91227562,NO,1.0
91258166,NO,1.0
91258167,NO,1.0
91278756,SE,1.0
91279445,US,1.0
91280232,NO,1.0
91323023,DK,1.0
91335161,NO,1.0
91335162,CY,1.0
91335163,NO,1.0
91335926,DK,1.0
91379791,NO,1.0
91382314,NO,1.0
91432202,NO,1.0
91432203,NO,1.0
91433673,NO,1.0
91473097,US,1.0
91486190,NO,1.0
91486216,NO,1.0
91486220,NO,1.0
91530369,NO,1.0
91530370,NO,1.0
91538774,NO,1.0
91538775,NO,1.0
91539588,NO,1.0
91539742,NO,1.0
91583578,US,1.0
91585071,US,1.0
91589633,NO,1.0
91621346,NO,1.0
91621347,NO,1.0
91622740,NO,1.0
91644030,US,1.0
91647717,US,1.0
91700689,NO,1.0
91700690,NO,1.0
91718578,NO,1.0
91719563,NO,1.0
91719564,NO,1.0
91835290,NO,1.0
91845330,NO,1.0
91845610,US,1.0
91924614,NO,1.0
91934015,US,1.0
91959517,NO,1.0
91959518,NO,1.0
91960040,NO,1.0
91964614,SE,1.0
92539261,DK,1.0
92539310,NO,1.0
92634649,NO,1.0
92893848,NO,1.0
92931180,US,1.0
93011202,NO,1.0
93285385,US,1.0
93457243,NO,1.0
93457248,NO,1.0
93522799,NO,1.0
93932088,NO,1.0
94174178,US,1.0
94322274,NO,1.0
94477754,NO,1.0
94477787,NO,1.0
