docdb_family_id,person_ctry_code,combined_count
30117093,GB,1
30117093,NO,9
32930542,NO,7
35220688,NO,2
35220688,US,1
35267088,DE,2
35267088,NL,3
35267088,NO,2
36803659,GB,1
36803659,NO,1
37671443,GB,11
37671443,NO,3
38163327,IL,1
38163327,NO,2
38372038,US,9
39101658,FI,2
39101658,IT,2
39101658,NO,7
41114732,NO,2
41114732,US,7
42283642,NO,7
42354652,NO,3
42983487,IT,2
42983487,NO,5
43065226,NO,3
44146318,CL,6
44146318,NO,5
44542539,NO,2
44542539,US,9
44645370,DK,9
44860439,GB,1
44860439,NO,2
45464639,NO,7
45495902,GB,1
45495902,NO,10
45541216,GB,1
45541216,NO,7
46757277,KR,2
46757277,NO,2
46757277,US,11
46846167,NO,4
46969414,NO,4
46969414,US,1
48539300,NO,1
48539300,SE,3
48613178,NO,9
49779863,NO,3
50002662,NO,7
50071052,GB,5
50071052,NO,2
50239676,NO,7
50543578,CA,6
50543578,DE,9
50543578,NO,2
50884956,DK,5
50884956,NO,1
50979080,CA,1
50979080,FR,2
50979080,GB,1
50979080,NO,2
50979080,US,1
51302828,NO,7
51869718,NO,3
51869758,NO,3
51986097,NO,5
52349617,NO,3
52469249,NO,3
52577849,NO,3
52649067,GB,1
52649067,NO,1
52673865,NO,5
53181597,NO,2
53181597,US,3
53403185,NO,3
53489699,GB,1
53489699,NO,1
53489699,US,5
53673311,GB,9
53673311,NE,1
53673311,NO,4
53673311,US,6
53677482,GB,1
53677482,NO,3
53756005,NO,2
53756005,US,3
53775996,FR,1
53775996,NO,1
53775996,US,1
53776955,NO,4
53776955,US,1
54336802,NO,2
54336802,US,3
54606078,NO,4
55025003,GB,2
55025003,NO,3
55066354,NO,3
55132414,NO,5
55234448,IN,1
55234448,NO,1
55631054,NO,1
55631054,SE,4
55745553,DE,2
55745553,NO,2
55963321,NO,3
56101757,CN,2
56101757,FR,4
56101757,NO,2
56101757,US,2
56108010,CN,2
56108010,FR,3
56108010,NO,1
56108010,US,2
56132759,NO,4
56360457,GB,1
56360457,NO,3
56544309,CN,3
56544309,FR,4
56544309,NO,2
56544309,US,2
56879732,CN,2
56879732,NO,1
56879732,US,3
56895114,NO,2
56895114,SE,2
57218882,NO,5
57398467,BR,1
57398467,NO,1
57398467,US,1
57799622,NO,4
57910122,NO,3
57910122,US,3
58044125,NO,4
58100941,CA,1
58100941,FR,1
58100941,NL,1
58100941,NO,3
58100941,US,1
58188673,GB,1
58188673,NO,2
58240861,GB,1
58240861,NO,2
58360664,NO,7
58360996,NO,5
58448349,AT,1
58448349,CH,2
58448349,DE,1
58448349,LI,1
58448349,NO,1
58462478,NO,3
58464508,NO,6
58544187,NO,4
58548768,NO,4
58584257,NO,2
58632557,NO,3
58632557,US,3
58664231,NO,1
58664231,US,2
58682734,NO,2
58682786,NO,5
58682786,SE,1
58709962,NO,4
58721366,NO,4
58721366,US,1
58765887,NO,4
59065626,NO,6
59220635,GB,1
59220635,NO,5
59254039,GB,1
59254039,NO,1
59254039,US,3
59315613,NO,2
59676672,NO,4
59762051,ES,3
59762051,NO,7
59778985,CA,2
59778985,DK,3
59778985,NO,5
60037196,BE,4
60037196,DK,3
60037196,NO,2
60037279,BE,4
60037279,DK,3
60037279,NO,2
60117284,NO,1
60117284,US,2
60203014,NO,4
60452486,NO,3
60515375,BE,1
60515375,CH,2
60515375,FR,1
60515375,NO,2
60654494,FI,1
60654494,NO,2
60664176,NO,7
60673489,NO,2
60782210,NO,1
60782210,SE,2
60805742,GB,1
60805742,NO,5
61008786,NO,3
61024602,GB,1
61024602,NO,3
61054172,NO,3
61189448,NO,4
61254461,NO,2
61526773,NL,1
61526773,NO,6
61563532,NO,8
61563532,US,1
61563533,IT,1
61563533,NO,7
61563533,US,1
61581354,NO,1
61581354,SE,1
61616772,NO,3
61899313,NO,2
62020082,NO,1
62020082,SE,2
62090016,NO,3
62142372,GB,5
62142372,NO,2
62167350,NO,4
62236239,NO,3
62494677,NO,2
62494678,NO,3
62624927,NO,1
62624927,SE,1
62624929,NO,1
62624929,SE,1
63143728,NO,3
63143801,GB,2
63143801,NO,1
63143801,SE,1
63405219,NO,2
63405220,NO,2
63445755,NO,2
63524241,BR,6
63524241,CA,1
63524241,NO,1
63524241,US,1
63556360,NO,8
63586806,NO,1
63586806,US,1
63715130,NO,2
63794756,NO,1
63794756,US,4
63834031,NO,2
63834034,NO,2
63858010,NO,2
63862136,NO,2
63878665,NO,3
63878684,NO,3
63915734,NO,3
63915734,US,1
64014714,NO,3
64014714,US,2
64604724,NO,1
64604724,US,3
64738034,NO,3
64738034,US,1
64738092,NO,5
64738092,US,1
64742639,NO,1
64742639,US,4
64744918,NO,3
64951218,NL,1
64951218,NO,3
64951218,US,6
65003554,NO,1
65003554,US,2
65009771,NO,4
65011748,NL,3
65011748,NO,1
65011748,US,1
65016249,NO,2
65024231,NO,2
65024727,GB,1
65024727,NO,2
65024727,SE,1
65236978,NO,3
65243589,GB,4
65243589,NO,1
65243589,US,1
65274886,CA,3
65274886,FR,1
65274886,NL,1
65274886,NO,1
65274886,US,1
65352053,NO,2
65352054,NO,5
65409118,NO,3
65808960,DE,1
65808960,IN,1
65808960,NO,1
65808960,US,3
65995789,DE,2
65995789,NO,3
66102138,NO,3
66181370,NO,7
66240167,GB,3
66240167,NO,1
66243532,NO,1
66243532,US,7
66251813,NO,3
66540312,NO,2
66826923,IN,1
66826923,NO,1
66826923,SG,3
66826977,NO,2
66826985,NO,2
67145844,NO,2
67220698,NO,3
67262338,DE,2
67262338,NO,1
67297301,NO,1
67297301,US,5
67441564,NO,4
67511647,NO,2
67623215,NO,4
67684686,CA,4
67684686,NO,4
67700158,NO,5
67701231,NO,5
67810426,GB,1
67810426,NO,5
67928828,NL,1
67928828,NO,1
67997509,IN,1
67997509,NO,1
67997509,SG,3
68108921,NO,7
68291597,NO,1
68291597,US,1
68292617,GB,1
68292617,IE,1
68292617,NO,1
68315280,NL,3
68315280,NO,3
68315372,NO,2
68342458,NO,1
68342458,PL,1
68425536,NO,2
68425536,US,5
68614305,NO,6
68614305,US,2
68728301,NO,3
68763676,NO,4
68763676,US,1
68764636,NO,2
68764636,US,2
68768884,NO,5
68917589,NL,2
68917589,NO,2
68917589,US,1
69005258,NL,2
69005258,NO,3
69005258,US,1
69005761,NO,3
69059106,NO,1
69059106,US,2
69061430,NO,7
69061430,US,1
69062099,GB,3
69062099,NO,1
69086376,NO,2
69104300,ES,1
69104300,NO,4
69137215,GB,1
69137215,NO,4
69147180,NO,5
69165466,NO,3
69186599,NO,8
69322634,NO,3
69322907,NO,9
69493486,NO,3
69626225,NO,4
69626234,NO,4
69636765,NO,2
69639782,GB,2
69639782,NO,1
69740251,DE,2
69740251,NO,1
69810688,NO,2
69844865,NO,4
69846240,NO,3
69903021,NO,3
70228770,NL,1
70228770,NO,1
70278581,NO,5
70289747,DK,1
70289747,NO,2
70295139,NO,1
70295139,TW,1
70295139,US,3
70458586,GB,1
70458586,IE,1
70458586,NO,1
70465214,NO,2
70476117,NO,2
70546530,BR,1
70546530,IN,1
70546530,NO,8
70546530,SE,1
70546578,NO,2
70546641,NO,3
70553245,NO,4
70553403,NO,1
70553403,US,2
70680242,BE,1
70680242,NL,1
70680242,NO,1
70726501,NO,2
70726501,US,1
70768774,NO,4
70768990,NO,3
70803013,NO,2
70857017,DE,1
70857017,FR,1
70857017,NL,2
70857017,NO,1
70861217,BE,3
70861217,NO,1
70921797,NO,3
71080219,CN,1
71080219,NO,3
71080219,US,4
71080626,NO,4
71083400,BE,2
71083400,NO,1
71608241,NO,5
71615893,NO,6
71787005,NO,1
71787005,US,1
71835579,FR,1
71835579,NO,2
71895040,NO,1
71895040,US,1
71944174,NO,1
71944174,US,1
71949674,DE,1
71949674,NO,3
72050394,DE,1
72050394,FI,2
72050394,GB,1
72050394,NL,1
72050394,NO,3
72050473,NO,2
72139990,NO,4
72235027,NO,1
72235027,US,1
72241297,NO,4
72266891,NO,3
72266891,US,2
72422335,NO,2
72422609,NO,3
72422609,US,1
72428246,NO,2
72515774,NO,4
72515774,US,1
72826934,NO,2
72896210,NO,3
72915797,NO,3
73014525,NO,3
73401839,NO,4
73451196,NO,3
73476146,NO,3
73497753,NO,4
73646343,NO,2
73646467,NO,2
73646467,SA,4
73646467,US,1
73695101,NO,5
73744651,NO,1
73744651,US,1
73781446,NO,2
73781472,NO,1
73781472,US,2
74059778,NO,3
74104237,US,6
74181203,NO,1
74181203,SE,1
74187163,NL,1
74187163,NO,1
74205673,BE,1
74205673,NL,1
74205673,NO,1
74205711,DE,8
74205711,NO,2
74211208,NO,3
74228359,IN,1
74228359,JP,1
74228359,NO,1
74228359,US,1
74418194,NO,1
74418194,US,3
74494810,DE,2
74494810,NO,7
74561691,BR,1
74561691,NO,1
74561826,DE,3
74561826,NO,1
74566490,NO,4
74568744,GB,2
74568744,NO,1
74568744,US,2
74661318,FR,1
74661318,NO,1
74667706,FI,2
74667706,NO,1
74667751,FI,1
74667751,NO,1
74669502,NO,4
74673088,DE,1
74673088,NO,1
74673128,NO,3
74673162,GB,2
74673162,NO,3
74678839,NO,4
74678960,NO,2
74678969,GB,1
74678969,NO,3
74679039,GB,2
74679039,NO,2
74683940,NO,2
74759495,NO,4
74759495,US,3
74844971,NO,2
74856697,NO,2
74856810,FR,1
74856810,NO,1
74856810,SE,1
74858223,DE,4
74858223,NO,1
74858353,NO,3
74858381,FR,1
74858381,NO,2
74858735,CH,1
74858735,NL,2
74858735,NO,1
74859050,FI,2
74859050,NO,1
74859178,NL,1
74859178,NO,1
74859178,US,2
74859292,NO,3
74859759,FR,1
74859759,NO,2
74859760,FR,1
74859760,NO,2
74865311,GB,1
74865311,NO,4
74865391,NO,2
74867403,NO,6
74870795,DK,1
74870795,NO,12
74870795,SG,1
74871245,CH,1
74871245,NO,4
74871256,CH,1
74871256,NO,5
74871262,CH,1
74871262,NO,4
74871268,CH,1
74871268,NO,4
74871739,NO,2
74873595,NO,3
74873595,US,1
74874673,DE,1
74874673,NO,1
74878994,GB,1
74878994,NO,4
74879119,FI,1
74879119,NO,2
74879746,NO,2
74879896,NO,3
74879896,US,6
74947002,NO,2
75108123,NO,4
75108645,ES,1
75108645,NO,1
75108647,AU,1
75108647,GB,1
75108647,NO,1
75108647,US,2
75108757,NO,2
75143529,NO,4
75143624,NO,2
75143639,NO,4
75173069,NO,2
75223190,CH,1
75223190,NO,5
75223383,NO,2
75252554,BE,1
75252554,FI,1
75252554,NO,1
75277807,BE,4
75277807,NO,1
75277910,NO,3
75278321,NO,4
75302245,BE,1
75302245,FI,1
75302245,FR,2
75302245,NO,2
75338915,BR,1
75338915,CH,3
75338915,NO,1
75338968,NO,3
75339117,NO,3
75339220,NO,2
75339244,NO,2
75339765,GB,2
75339765,NO,1
75339765,SE,4
75362480,NO,2
75377335,GB,2
75377335,NO,1
75377362,FI,1
75377362,GB,1
75377362,NO,3
75377376,NO,4
75377393,NO,2
75382704,CA,1
75382704,FR,1
75382704,NL,1
75382704,NO,2
75382704,US,4
75382722,NO,2
75396825,DE,1
75396825,FR,4
75396825,GB,2
75396825,GE,1
75396825,NO,1
75426600,NO,2
75426600,US,1
75438700,NO,7
75439421,NO,6
75472491,GB,1
75472491,NO,2
75472510,NO,5
75472546,GB,1
75472546,NO,2
75472617,NO,3
75538815,NO,2
75539309,NO,5
75539316,DE,1
75539316,NO,3
75562632,NO,5
75562667,NO,2
75623186,NO,5
75623223,NO,2
75625504,NO,4
75625514,FR,1
75625514,NO,3
75659951,FR,1
75659951,NO,1
75674697,CH,1
75674697,IN,2
75674697,NO,1
75674697,SE,3
75674910,NO,2
75689863,NO,3
75689873,NO,4
75689899,NO,3
75689964,NO,4
75715502,NO,3
75715502,US,1
75728774,FR,1
75728774,NO,3
75783488,GB,1
75783488,NO,5
75783518,NO,5
75783519,CN,1
75783519,GB,1
75783519,IT,1
75783519,NO,1
75783519,SE,1
75783537,NO,5
75783587,NO,4
75783629,NO,2
75783680,GB,1
75783680,NO,2
75783680,SE,1
75783683,NO,5
75783685,NO,2
75783691,NO,3
75783718,NO,2
75783725,GB,1
75783725,NO,2
75783800,NO,3
75825423,DE,3
75825423,NO,1
75825573,DE,2
75825573,IE,1
75825573,NO,1
75847370,US,9
75848552,NO,2
75870604,NO,6
75883629,NO,3
75883629,SE,1
75883646,NO,2
75904848,FR,1
75904848,NO,1
75904848,SE,1
75908967,NO,1
75908967,US,4
75912126,NO,6
75919357,CH,2
75919357,NO,1
75936799,NO,6
75949464,NO,3
75973750,NO,1
75973750,US,1
75973754,NO,1
75973754,US,5
75981711,NO,3
75981711,US,1
76011774,NO,6
76011945,NO,3
76034738,FR,2
76034738,NO,1
76059662,NO,3
76059759,BE,1
76059759,FR,1
76059759,IT,1
76059759,NO,1
76137930,NL,1
76137930,NO,2
76159982,NO,2
76180995,DE,1
76180995,NO,3
76180995,US,1
76193425,GB,7
76193425,NO,4
76193425,US,2
76193586,NO,2
76193594,NO,4
76193597,NO,4
76209574,NO,1
76209574,US,6
76250126,NO,4
76250126,SE,1
76270135,NO,2
76283662,AE,1
76283662,GB,1
76283662,NO,1
76300982,NO,2
76300986,NO,4
76301108,NO,2
76301163,NO,3
76305733,US,3
76330563,NO,3
76355408,FR,1
76355408,NO,3
76374946,NO,4
76374946,SE,9
76377591,GB,1
76377591,NO,4
76377767,GB,1
76377767,NO,5
76377794,FI,2
76377794,NO,2
76377794,PL,1
76377826,DE,6
76377826,DK,2
76377826,NO,4
76377835,NO,6
76444299,BE,1
76444299,FR,2
76444299,NO,1
76444469,NO,3
76444519,NO,13
76466258,CN,4
76466258,NO,1
76477919,NO,3
76483011,NO,3
76550530,NO,2
76550579,CA,1
76550579,DE,1
76550579,NO,4
76550616,FI,2
76550616,NO,1
76584298,BE,1
76584298,NO,1
76584374,CH,1
76584374,DE,1
76584374,NO,2
76584374,SE,1
76584439,AU,2
76584439,FI,1
76584439,NO,1
76601109,DE,2
76601109,NO,2
76637588,NO,2
76637601,NO,2
76637645,NO,2
76637646,NO,2
76637655,NO,2
76637657,NO,3
76637704,NO,2
76637728,NO,3
76637801,NO,2
76641593,DE,3
76641593,NO,1
76695500,NO,3
76695631,NO,3
76708070,NO,3
76708403,MT,1
76708403,NO,2
76730389,NO,4
76730434,NO,5
76741374,NO,1
76741374,US,1
76741396,NO,2
76741427,NO,4
76741467,DE,1
76741467,NO,1
76838897,NO,3
76838915,GB,4
76838915,NO,1
76838922,NO,3
76845166,FR,1
76845166,NO,1
76857946,NO,1
76857946,US,3
76885259,CN,2
76885259,NO,1
76891089,GB,1
76891089,NO,2
76891089,SE,2
76920719,FR,1
76920719,NO,1
76954388,NO,3
76954389,CH,1
76954389,NO,3
76954449,GB,6
76954449,NO,3
76954450,GB,13
76954450,NO,4
76954485,GB,1
76954485,NO,1
76954503,GB,1
76954503,NO,4
76954594,NO,4
76954617,DE,1
76954617,GB,1
76954617,NL,2
76954617,NO,7
76971173,CA,1
76971173,FR,1
76971173,NL,1
76971173,NO,1
76971173,US,7
76971972,NO,4
76991849,NO,5
77050617,NO,3
77050622,NO,4
77050633,NO,2
77050695,NO,3
77071212,BE,1
77071212,BR,1
77071212,NO,1
77071449,NO,3
77079065,NO,4
77079069,NO,2
77179460,NO,6
77179462,NO,9
77179507,NO,3
77179511,NO,5
77179512,NO,2
77179513,NO,5
77179526,NO,2
77179545,NO,2
77179549,NO,4
77179554,NO,2
77179556,NO,7
77179640,DE,1
77179640,NO,1
77179875,NO,3
77180233,FR,2
77180233,NO,1
77180233,US,1
77226815,NO,6
77256845,NO,5
77265018,NO,4
77265171,NO,3
77272861,NO,5
77272861,US,6
77274384,BE,3
77274384,NO,3
77274422,NO,2
77274458,GB,1
77274458,NO,3
77274533,NO,3
77274569,GB,1
77274569,NO,3
77274601,NO,3
77338715,NO,4
77353786,NO,2
77353839,DE,3
77353839,NO,3
77353883,NO,3
77353905,NO,2
77353951,NO,4
77353982,NO,4
77354008,NO,4
77398385,NO,2
77443336,NO,3
77443404,NO,6
77491967,NO,2
77499721,BE,1
77499721,NL,1
77499721,NO,4
77499725,BE,1
77499725,NL,1
77499725,NO,4
77518971,AT,1
77518971,BE,2
77518971,DE,1
77518971,FR,1
77518971,IT,1
77518971,NL,1
77518971,NO,1
77519120,GB,6
77519120,NO,1
77520556,NO,4
77520556,US,1
77541101,NO,3
77541104,NO,3
77612538,DE,3
77612538,FI,1
77612538,NO,1
77651167,NO,2
77651224,DE,1
77651224,GB,1
77651224,NO,6
77651243,NO,2
77651247,GB,1
77651247,NO,2
77651258,FI,2
77651258,NO,1
77651352,NO,4
77651374,NO,3
77651385,NO,3
77651420,GB,1
77651420,NO,2
77666140,DE,1
77666140,NO,1
77666205,DE,1
77666205,NO,1
77666505,NO,3
77710542,BE,1
77710542,NO,1
77711177,FR,2
77711177,NO,1
77726425,FR,1
77726425,NO,2
77774823,FI,1
77774823,NO,5
77774823,SE,1
77854452,NO,2
77854452,US,6
77859894,NO,3
77859955,NO,3
77860096,NO,3
77892622,NO,2
77892622,US,6
77913013,NO,3
77913930,BR,4
77913930,NO,1
77913965,AE,1
77913965,NO,1
77914010,NO,3
77930414,NO,2
77998908,FR,1
77998908,NO,1
77999706,NO,4
77999718,NO,5
77999728,FI,1
77999728,NO,4
78049496,NO,5
78049512,GB,3
78049512,NO,2
78076741,NO,3
78080235,DK,1
78080235,NO,7
78081604,CN,1
78081604,NO,2
78081604,US,2
78085476,NO,6
78085563,DK,1
78085563,NO,7
78086609,NO,2
78087017,NO,5
78114129,DK,4
78114129,NO,2
78149276,NO,2
78149310,NO,1
78149310,US,2
78149430,GB,1
78149430,NO,3
78179173,CH,1
78179173,DK,4
78179173,US,1
78221932,CA,1
78221932,FR,1
78221932,NL,1
78221932,NO,4
78221932,US,5
78269084,NO,3
78270297,NO,3
78292365,NO,7
78302707,NO,2
78333015,NO,3
78333016,NO,3
78373713,NO,2
78373715,NO,4
78399559,GB,1
78399559,NO,2
78399571,BE,2
78399571,NO,3
78399758,NO,2
78414448,AT,2
78414448,LI,1
78414448,NO,2
78414611,FR,1
78414611,NO,3
78463435,FR,1
78463435,NO,2
78497755,AE,1
78497755,NO,1
78497777,GB,1
78497777,NO,2
78497813,NO,3
78497950,NO,5
78500332,DE,1
78500332,NO,1
78500346,GB,1
78500346,NL,1
78500346,NO,1
78513390,NO,2
78513390,US,2
78516554,NO,2
78516659,CH,1
78516659,NO,7
78617355,FR,3
78617355,NO,1
78617355,SE,1
78617356,FR,1
78617356,NO,1
78649093,DE,2
78649093,NO,1
78649209,CH,1
78649209,LI,1
78649209,NO,2
78705808,NO,2
78705808,US,1
78705841,NO,2
78705841,US,1
78708861,CA,1
78708861,FR,4
78708861,NO,1
78708861,US,1
78709263,BE,1
78709263,NO,2
78718372,NO,5
78718395,NO,3
78718412,GB,1
78718412,NO,2
78718558,GB,1
78718558,NO,2
78789715,JP,2
78789715,NL,1
78789715,NO,2
78805909,NO,7
78806108,GB,2
78806108,NO,2
78806113,CH,1
78806113,NO,2
78806135,NO,2
78806160,NO,3
78821899,FR,7
78821899,NO,3
78821953,DE,6
78821953,NO,1
78827798,CH,4
78827798,NO,2
78828452,NO,2
78828491,NO,3
78828508,AT,1
78828508,DE,1
78828508,NO,4
78829376,NL,4
78829376,NO,1
78829634,NO,2
78830494,NO,2
78844779,BE,2
78844779,FI,2
78844779,NO,2
78845056,CH,1
78845056,NO,4
78845442,DE,5
78845442,FI,1
78845442,NO,1
78916582,NL,1
78916582,NO,1
78916886,DK,1
78916886,NO,1
78916886,SK,3
78918687,NO,2
79021166,NO,3
79024141,NO,4
79024688,NO,4
79025202,NO,3
79031502,GB,1
79031502,NO,2
79031502,US,1
79163444,NO,3
79163596,NO,3
79163604,NO,3
79163870,NO,4
79164762,US,4
79185385,NL,1
79185385,NO,1
79185385,US,2
79230963,NO,2
79268177,NO,4
79269732,NO,3
79270256,GB,1
79270256,NO,2
79270300,GB,2
79270300,NO,1
79281583,NO,2
79281589,NO,6
79281590,NO,3
79315553,GB,2
79315553,NO,1
79315553,US,2
79316739,FR,3
79316739,IT,1
79316739,NO,1
79316746,BE,1
79316746,NL,1
79316746,NO,3
79317178,NO,2
79553514,NO,6
79581195,CN,1
79581195,NO,1
79601546,BE,1
79601546,NL,1
79601546,NO,3
79687188,NO,4
79730606,NO,3
79730659,NO,2
79730672,NO,3
79731034,NO,5
79831506,FR,1
79831506,NO,1
80034802,CH,1
80034802,NO,4
80035224,NO,3
80038577,NO,3
80038616,NO,2
80038671,DE,1
80038671,NO,1
80038672,DE,1
80038672,NO,1
80050700,NO,3
80079945,NO,2
80079967,NO,2
80080023,NO,2
80080037,NO,2
80080041,NO,3
80080124,GB,1
80080124,NO,2
80080166,NO,3
80080167,NO,3
80080964,NO,3
80111909,NO,3
80113506,NO,2
80119235,NO,3
80119235,US,1
80121674,NO,2
80121700,NO,3
80121901,CH,1
80121901,NO,4
80121903,NO,5
80122004,NO,1
80122004,US,1
80122253,DK,1
80122253,NO,2
80122693,NO,1
80122693,NZ,1
80122851,NZ,1
80122851,US,1
80122911,NO,3
80168262,AT,1
80168262,NO,3
80218453,NO,3
80220033,NL,4
80222073,BE,2
80222073,NO,1
80222294,NO,3
80222521,NO,2
80223192,NO,4
80223192,US,1
80225387,FI,1
80225387,NO,1
80262672,NO,2
80444018,NO,4
80444549,NO,2
80444549,US,2
80445993,NO,2
80446150,DE,2
80446150,NO,2
80446273,GB,1
80446273,NO,4
80446273,US,1
80446306,NO,1
80446306,US,8
80446439,NO,5
80446766,NO,4
80446976,NO,3
80447263,NO,3
80447825,NO,2
80448580,CH,1
80448580,NO,2
80448705,AE,1
80448705,DE,1
80448705,NO,2
80448973,NO,2
80449136,GB,5
80449136,NZ,1
80449136,SE,2
80449136,US,1
80461007,NO,4
80461111,NO,2
80461111,US,1
80461563,NO,4
80461563,US,1
80461592,NO,1
80461592,US,1
80461811,AE,2
80461811,CA,1
80461811,IN,1
80461811,NO,1
80595313,NO,2
80595314,DK,1
80595314,NO,3
80595389,NO,2
80621259,GB,2
80621259,NO,4
80623562,NO,1
80623562,US,3
80623632,NO,3
80623703,FR,1
80623703,NO,2
80623882,GB,1
80623882,NO,3
80623940,NO,2
80624064,NO,2
80624076,NO,3
80625048,NL,1
80625048,NO,5
80625087,NO,2
80625103,FR,1
80625103,NO,2
80625143,NO,3
80625357,NL,1
80625357,NO,2
80625417,NO,4
80625449,NO,2
80625517,NO,2
80625551,NO,2
80628538,BE,1
80628538,NL,1
80628538,NO,4
80628716,BE,1
80628716,NL,1
80628716,NO,4
80628750,NO,4
80678830,ES,2
80683048,NO,5
80683785,NO,4
80683785,SA,2
80683785,US,1
80685467,NO,4
80735848,FR,6
80735848,NO,1
80736019,CH,1
80736019,NO,2
80736087,FI,1
80736087,NO,2
80736087,US,3
80736130,DE,1
80736130,FR,1
80736130,NO,3
80738728,DE,1
80738728,GB,1
80738728,NO,1
80738910,NO,3
80775086,NO,5
80775339,IN,1
80775339,NO,1
80780637,GB,1
80780637,NO,2
80780783,NO,3
80780861,CZ,1
80780861,NO,6
80780933,NO,2
80780933,SE,1
80780983,NO,1
80780983,US,1
80785110,NO,6
80785158,AU,1
80785158,NO,5
80785278,NO,3
80786602,NO,1
80786602,US,1
80786614,NO,2
80786739,NO,2
80786896,MT,1
80786896,NO,2
80820274,BE,1
80820274,NL,1
80820274,NO,3
80820305,NO,2
80820747,GB,1
80820747,NO,3
80820780,GB,2
80820780,NO,1
80820867,NO,2
80820998,GB,2
80820998,NO,1
80857203,NO,3
80928957,ES,3
80928957,NL,2
80928957,NO,1
80930375,NO,4
80930421,NO,1
80930421,US,2
80930561,KR,1
80930561,NO,2
80930561,SE,1
80933274,NO,3
80933418,NO,5
80933436,NO,3
80933547,NO,5
80933547,US,1
80933596,NO,3
80933917,NO,3
80934430,NO,4
80934697,FI,3
80934697,NO,1
80937060,NO,2
80937099,NO,2
80937213,NO,4
80937213,SA,2
80937213,US,1
80937236,US,12
80952372,NO,2
80952377,US,12
80952480,NO,3
80978742,NO,2
80979061,NO,4
80998308,NO,2
81074028,NO,4
81074053,FI,2
81074053,NO,1
81074071,FR,1
81074071,NO,1
81074345,NO,3
81075476,NO,4
81075510,NO,3
81075561,NO,3
81075570,NO,3
81075575,NO,3
81075749,DK,2
81075749,NO,3
81175289,NO,2
81206887,NO,3
81210399,NO,1
81210399,US,5
81213607,NO,2
81213607,SE,1
81214495,NO,2
81254777,GB,2
81254777,NO,1
81254791,NO,1
81254791,US,1
81254903,NO,3
81254906,NO,3
81254952,NO,3
81306665,NO,5
81306788,NO,2
81306981,NO,3
81307288,FR,1
81307288,NO,2
81307311,NO,4
81307324,FR,1
81307324,NO,2
81307492,CH,1
81307492,NO,1
81308050,BE,1
81308050,NO,1
81308176,NO,2
81308272,DE,1
81308272,NO,6
81308553,NO,2
81308594,DE,1
81308594,NO,3
81324982,NO,7
81325430,NO,2
81325431,NO,2
81325431,RU,2
81325566,NO,2
81325759,NO,2
81326046,DE,3
81326046,NO,1
81326128,NO,4
81326488,NO,3
81326591,FI,1
81326591,IT,1
81326591,NO,1
81326591,US,3
81326879,NO,2
81327303,GB,6
81327303,NO,2
81327653,NO,2
81328115,US,4
81328199,NO,3
81328200,NO,2
81344328,NO,2
81344337,NO,3
81344483,NO,1
81344483,US,2
81344503,NO,2
81344859,GB,2
81344859,NO,1
81344898,GB,2
81344898,NO,1
81346368,NO,2
81346577,NO,2
81380893,GB,1
81380893,NO,6
81384634,NO,1
81384634,US,3
81384760,NO,2
81384781,FI,3
81384781,NO,1
81385111,NO,1
81385111,SE,2
81386561,IN,1
81386561,US,4
81386647,NO,4
81386668,NO,4
81386760,DE,2
81386760,NO,2
81387099,NO,2
81388934,FR,1
81388934,NO,4
81388984,NO,11
81388984,US,3
81389003,NO,1
81389003,US,4
81389076,NO,1
81389076,US,3
81389079,FR,1
81389079,NO,7
81393173,NO,2
81448479,NO,3
81448479,SG,2
81448632,US,2
81448725,NO,2
81448775,NO,4
81448897,NO,2
81449275,GB,2
81449275,NO,1
81449402,NO,3
81454746,CH,1
81454746,NO,1
81454746,SE,2
81579630,IT,1
81579630,NZ,2
81579630,US,1
81579635,NO,2
81580154,NO,5
81580233,NO,2
81580270,NO,5
81580295,NO,5
81580517,NO,3
81580604,NO,2
81580827,FR,1
81580827,NO,1
81580827,SE,1
81580920,NO,3
81581049,FR,1
81581049,NO,1
81581049,SE,1
81581143,FR,1
81581143,NO,1
81581143,SE,1
81581549,NO,5
81585230,NO,1
81585277,NO,2
81585445,NO,5
81585564,NO,2
81587255,NO,4
81588616,NO,3
81588790,NO,3
81595818,NO,7
81595823,FR,1
81595823,NO,2
81597845,NO,2
81597914,NO,3
81598064,NO,2
81603506,NO,2
81603615,NO,3
81603727,NO,4
81603820,NO,3
81648083,GB,1
81648083,NO,2
81648377,CA,4
81648377,GB,2
81648377,NO,1
81648377,US,1
81648668,NO,2
81648712,NO,1
81648712,PL,1
81648712,US,4
81648753,NO,2
81648756,US,7
81653119,NO,3
81653470,NO,4
81653638,FI,1
81653638,NO,2
81654569,CA,2
81654569,NO,1
81654569,US,1
81654639,FR,1
81654639,NO,3
81654666,NO,1
81654666,SE,4
81654701,LT,1
81654701,NO,1
81654754,NO,1
81654754,US,6
81654963,FI,1
81654963,NO,2
81656899,NO,5
81658941,NO,2
81722278,NO,2
81748288,NO,2
81748332,NO,2
81748534,DE,1
81748534,NO,1
81748566,GB,1
81748566,NO,3
81748742,BR,7
81748742,FR,1
81748742,NO,1
81748770,US,4
81748833,NO,4
81750372,NO,2
81750431,IN,2
81750431,NO,1
81750644,NO,3
81750644,SK,2
81755416,NO,3
81841920,FR,1
81841920,NO,3
81841971,NL,2
81841971,NO,1
81842114,DE,3
81842114,GB,1
81842114,NO,1
81846492,DE,1
81846492,NO,1
81850269,NO,4
81850423,NO,6
81850937,DE,1
81850937,NO,1
81851058,NO,5
81851424,NO,3
81851786,FR,7
81851951,BN,1
81851951,NO,3
81851951,US,1
81851961,CH,1
81851961,NO,1
81852021,GB,1
81852021,NO,4
81854365,NO,1
81854365,PL,1
81854429,IN,2
81854429,NO,2
81854511,KR,1
81854511,NO,2
81854511,SE,1
81854561,KR,1
81854561,NO,2
81854561,SE,1
81927810,FR,2
81927810,NO,1
81940399,NO,3
81940532,US,10
81940685,FI,7
81940685,NO,10
81940740,ES,3
81940740,NL,3
81940740,NO,1
81940992,CH,1
81940992,NO,3
81941029,NO,2
81941056,NO,2
81941057,NO,2
81941183,NO,5
81942679,NO,1
81942679,US,3
81943752,NO,3
81943752,US,2
81943850,NO,7
81943853,FI,1
81943853,NO,1
81943896,NO,2
81943952,NO,2
81975344,NO,1
81975344,RO,2
81975363,NO,4
81975364,NO,2
81984568,NO,3
82016277,NO,3
82016278,NO,3
82016296,NO,3
82016317,NO,5
82016364,NO,3
82016518,NO,6
82016537,NO,9
82016557,NO,9
82016574,NO,7
82016579,NO,2
82016622,NO,1
82016622,SE,2
82019174,NO,2
82019386,IR,2
82019386,NO,2
82019693,NO,3
82019888,NO,5
82020037,FR,1
82020037,NO,1
82020037,SG,1
82020091,NO,4
82020136,NO,3
82020824,NO,5
82020967,GB,3
82020967,NO,1
82021181,NO,2
82021181,US,2
82023435,NO,2
82024111,NO,2
82058188,NO,2
82058243,NO,2
82058327,NO,2
82058327,SE,1
82058327,US,2
82058424,NO,2
82058424,SE,1
82058424,US,2
82058491,NO,3
82067491,NO,2
82067531,NO,3
82100296,NO,1
82100296,US,1
82100506,NO,4
82100708,NO,4
82115495,NO,2
82115521,NO,2
82115566,NO,4
82115571,NO,2
82115682,NO,2
82115682,SE,2
82115682,US,1
82115838,NO,2
82115841,NO,2
82117078,BE,1
82117078,NL,1
82117078,NO,1
82117223,NO,3
82117223,US,1
82117448,DK,5
82117448,NO,1
82117448,US,5
82117604,NO,3
82156126,NO,4
82156162,GB,1
82156162,NO,3
82156174,NO,4
82156199,NO,2
82156204,NO,2
82156385,DK,1
82156385,NO,1
82156720,FR,1
82156720,NO,1
82163351,NO,2
82163379,NO,2
82196722,JP,1
82196722,NO,2
82199329,DE,4
82199329,NO,4
82199334,DE,4
82199334,NO,4
82199505,NO,2
82214228,CH,1
82214228,NO,2
82214350,JP,1
82214350,NO,2
82220583,NO,2
82220654,NO,5
82258190,DK,1
82258190,NO,1
82258192,NO,2
82258236,DK,1
82258236,NO,1
82258334,NO,4
82258572,NO,4
82270634,NO,2
82270661,NO,6
82270661,US,1
82270675,NO,2
82308501,NO,3
82319609,LV,1
82319609,NO,1
82319840,NO,2
82319860,NL,1
82319860,NO,2
82320063,NO,3
82321313,NO,4
82321401,NO,4
82321424,NO,1
82321424,US,3
82321568,NO,2
82324047,GB,1
82324047,NO,4
82324131,NO,6
82357374,NO,2
82357377,NO,4
82357379,NO,2
82357385,NO,7
82357393,NO,7
82357398,NO,4
82358432,NO,3
82358531,NO,7
82358547,NO,2
82358646,NO,2
82361296,NO,9
82385593,NO,5
82399210,NO,2
82399406,DE,1
82399406,NO,4
82399667,NO,3
82399708,NO,2
82403410,NL,8
82403410,NO,1
82403410,SE,14
82404009,NO,2
82404066,NO,4
82404145,NO,3
82404145,SE,1
82404235,NO,3
82404265,NO,1
82404265,US,1
82404571,NO,4
82448702,GB,1
82448702,NO,2
82448702,US,1
82482532,NO,2
82482532,US,1
82482895,NO,3
82483026,NO,3
82483094,NL,1
82483094,NO,2
82483540,BE,2
82483540,ES,3
82483540,FR,4
82483540,NO,1
82483540,PL,2
82492391,NO,3
82492426,NO,2
82492556,NO,2
82492654,NO,2
82492832,DE,1
82492832,NO,2
82492832,US,2
82492867,CN,4
82492867,NO,4
82493530,DE,1
82493530,NO,1
82493863,NO,2
82494071,NO,4
82495684,NO,4
82495692,NO,4
82496202,FI,1
82496202,GB,1
82496202,NO,2
82496277,NO,3
82546990,NO,2
82547539,BE,2
82547539,NO,1
82548462,NO,3
82548970,NO,6
82549023,NO,3
82557899,NO,3
82557899,SE,1
82594784,NO,5
82594970,NO,2
82595230,NO,2
82608433,NO,5
82608516,NO,2
82611111,NO,4
82653737,NO,2
82653738,NO,2
82653740,NO,3
82654901,CA,1
82654901,FR,1
82654901,IN,1
82654901,NL,1
82654901,US,1
82655098,NO,5
82655111,NO,2
82655150,NO,4
82655181,NO,2
82693795,NO,2
82693796,NO,2
82693870,NO,2
82693949,NO,2
82701768,CH,1
82701768,NO,1
82701768,SE,3
82701928,DE,1
82701928,NO,1
82701991,NO,5
82702943,NO,10
82703084,NO,3
82704521,GB,1
82704521,NO,3
82704521,US,1
82705247,BR,4
82705247,NO,1
82705269,NO,4
82705338,NO,3
82705339,NO,2
82705483,BR,4
82705483,NO,1
82705570,NO,2
82741651,NO,4
82741657,NO,2
82741702,AE,6
82741702,CA,1
82741702,FR,1
82741702,IT,1
82741702,NL,1
82741702,NO,1
82741702,US,1
82748122,NO,1
82748122,US,1
82780826,NL,4
82781111,NO,5
82786642,NO,3
82802511,NO,2
82802634,NO,4
82802653,NO,3
82838017,NO,3
82838017,US,1
82838019,NO,5
82838024,NO,3
82838128,DK,3
82838128,NO,1
82838980,NO,2
82839251,CH,2
82846144,FR,1
82846144,NO,4
82846310,NO,2
82846328,FR,1
82846328,GB,1
82846328,NO,1
82850657,NO,3
82851645,NO,6
82851717,NO,3
82898868,NO,1
82898868,SE,1
82899025,NO,3
82899372,NO,2
82900535,US,3
82900631,FI,1
82900631,NO,1
82931537,NO,3
82931542,NO,2
82931551,NO,2
82932396,NO,6
82932514,NO,2
82932766,NO,2
82939746,BE,1
82939746,FR,1
82939746,IT,2
82939746,NO,1
82939922,NO,5
82940046,NO,2
82942524,CN,3
82942524,GB,1
82942524,NO,1
82942524,US,3
83004587,CH,2
83004587,NO,2
83004735,FR,1
83004735,NO,3
83004832,NO,13
83046391,NO,2
83048370,NO,3
83048398,NO,5
83048400,NO,3
83048401,NO,6
83050003,NO,1
83050003,US,2
83059139,NO,3
83081607,NO,2
83115333,FR,1
83115333,NO,2
83115363,DE,2
83115363,NO,1
83115512,BE,1
83115512,NL,1
83115512,NO,4
83116964,US,3
83149127,NO,2
83149261,NO,1
83149261,US,1
83149420,NO,3
83151683,NO,2
83151773,DE,1
83151773,NO,2
83154365,NO,3
83154371,NO,3
83154375,NO,2
83154376,NO,2
83188077,AU,1
83188077,NO,1
83188283,NO,3
83189239,MC,1
83189239,NO,2
83191828,ES,3
83191828,NL,3
83191828,NO,1
83191856,NO,2
83191952,NO,2
83191999,GB,2
83191999,NO,5
83193207,FR,1
83193207,NO,2
83193232,FR,1
83193232,NO,1
83193236,GB,1
83193236,NO,2
83193274,FR,1
83193274,NO,1
83193330,NO,3
83193362,CA,3
83193362,NO,1
83193362,US,2
83193536,FR,1
83193536,NO,2
83193543,NO,4
83193627,FR,1
83193627,NO,3
83226352,DK,1
83226352,NO,1
83226950,NO,3
83226953,NO,3
83226956,NO,3
83227280,CA,1
83227280,FR,1
83227280,NL,1
83227280,NO,1
83227280,US,1
83228860,NO,2
83232598,DE,4
83232598,NO,3
83232796,AU,1
83232796,NO,1
83265704,NO,3
83271101,DE,4
83271101,NO,3
83271154,DE,4
83271154,NO,3
83271166,KR,1
83271166,NO,2
83271166,SE,1
83271293,NO,2
83271346,NO,2
83271688,NO,2
83280286,BE,1
83280286,NL,1
83280286,NO,3
83280302,NO,4
83280424,NO,2
83280526,NO,2
83280530,BE,1
83280530,NL,1
83280530,NO,4
83283103,NO,5
83283191,BE,1
83283191,NL,1
83283191,NO,3
83285501,NO,4
83318880,NO,2
83318908,AU,1
83318908,NO,1
83318998,AU,1
83318998,NO,1
83321527,NO,5
83322546,NL,1
83322546,NO,2
83355291,NO,4
83355291,US,1
83355415,NO,3
83355527,CH,1
83355527,NO,3
83355801,NO,2
83360893,NO,2
83361042,NO,2
83361222,NO,5
83361320,NO,2
83363180,US,2
83363246,US,2
83364984,FI,1
83364984,NO,1
83380825,NO,4
83395966,NO,6
83395979,NO,2
83396100,CA,1
83396100,FR,1
83396100,NL,1
83396100,NO,3
83396100,RO,1
83396100,US,1
83398157,NO,2
83398304,NO,3
83398425,NO,3
83398476,NO,2
83400691,NO,2
83400834,NO,4
83401951,NO,2
83438284,NO,2
83440063,NO,2
83440072,NO,2
83447795,US,5
83457483,NO,3
83459741,NO,5
83505504,CA,4
83505504,NO,1
83506257,NO,2
83507570,ES,1
83507570,GB,1
83507570,GR,5
83507570,NO,6
83508729,CH,1
83508729,NO,7
83545728,NO,2
83545728,US,1
83546808,NO,1
83546808,US,1
83558022,NO,3
83558072,NO,4
83558073,GB,1
83558073,NO,4
83558141,CA,1
83558141,CH,1
83558141,ES,1
83558141,NO,2
83558278,NO,3
83586993,NO,4
83594174,NO,2
83594243,BE,1
83594243,FR,1
83594243,NO,3
83594243,SE,1
83598563,NO,3
83640899,NO,5
83640907,NO,2
83640917,NO,2
83657842,NO,3
83658162,NO,4
83688636,NO,3
83688643,NO,3
83689843,NO,1
83689843,SE,1
83690003,NO,2
83690083,IT,3
83690083,US,1
83691075,FI,1
83691075,NO,5
83691075,SE,1
83691374,NO,2
83692955,NL,1
83692955,NO,6
83693055,NO,3
83693155,BE,2
83693155,NO,1
83693933,NO,1
83693933,SA,1
83693933,US,2
83722551,NO,2
83722553,NO,4
83722556,NO,2
83722557,NL,2
83722557,NO,7
83723140,FR,2
83723140,GB,1
83723140,NO,1
83723140,US,1
83808491,FI,1
83808491,NO,1
83838579,NO,2
83847140,NO,7
83847143,NO,3
83848905,GB,1
83848905,NO,1
83898077,NO,3
83898498,CH,1
83898498,ES,2
83898498,NO,1
83899371,AU,4
83899371,US,2
83901259,NO,2
83901259,US,1
83901590,NO,2
83902117,NO,4
83902160,NO,3
83902222,NO,2
83903271,NO,3
83903310,NO,7
83903310,US,1
83903326,DE,3
83903326,NO,1
83931627,NO,3
83931666,NO,1
83931666,US,4
83931679,FR,5
83931702,FR,1
83931702,GB,1
83931702,NO,1
83931726,NO,2
83931742,NO,2
83931742,US,1
83931862,NO,3
83931874,NO,3
83932887,NO,3
83932889,NO,7
83932892,NO,2
83932969,NO,3
83932969,US,2
83933415,NO,2
83945106,NO,3
83945204,NO,4
83978610,NO,2
83994952,DK,4
83994952,NO,1
83995063,FR,2
83995063,NO,1
83995396,NO,4
83995521,GB,1
83995521,NO,8
83996555,DE,3
83996555,NO,1
83996643,FI,2
83996643,NO,1
83998677,NO,1
83998677,US,1
83999582,CA,1
83999582,FR,1
83999582,NL,1
83999582,NO,1
83999582,US,3
84000344,NO,5
84028775,NO,6
84028781,NO,2
84044118,BE,1
84044118,NO,2
84044710,NO,2
84044871,NO,2
84045077,DE,1
84045077,NO,2
84045093,NL,4
84045093,NO,1
84045111,NO,2
84046074,NO,3
84047713,NO,1
84047713,SE,1
84047781,NO,2
84102990,AE,1
84102990,BR,1
84102990,CA,1
84102990,CN,3
84102990,FR,1
84102990,GB,1
84102990,NL,1
84102990,NO,1
84102990,US,1
84103488,GB,1
84103488,NO,2
84103488,US,1
84110344,NO,4
84140688,NO,2
84140693,NO,3
84140711,NO,2
84140824,NO,1
84140824,US,2
84179481,NO,2
84179481,US,1
84195218,GB,3
84195218,NO,3
84195361,NO,2
84228310,FR,1
84228310,NL,1
84228310,NO,1
84230281,FR,1
84230281,NL,1
84230281,NO,1
84245750,NO,7
84245781,NO,2
84246047,AT,1
84246047,NO,1
84246126,NO,6
84285060,NO,2
84286009,US,3
84286076,NO,1
84286076,US,2
84322529,CA,2
84322529,NO,2
84323469,DM,1
84323469,NO,2
84323471,NO,2
84323472,NO,2
84323475,NO,2
84329537,NO,5
84329593,NO,4
84329957,NO,2
84330049,NO,2
84330198,FI,1
84330198,NO,2
84330198,US,1
84330392,NO,2
84330699,NO,2
84330726,NO,2
84330791,IN,5
84330791,NO,1
84330791,US,1
84331088,NL,1
84331088,NO,2
84331622,NO,6
84331622,US,1
84331791,SE,9
84331882,NO,3
84332329,CN,1
84332329,NO,3
84358416,NO,3
84358440,BE,1
84358440,FR,1
84358440,IT,1
84358440,NL,3
84358440,NO,1
84359663,NO,3
84359819,NO,6
84359885,NO,2
84360441,NO,3
84360637,GB,2
84360637,IE,1
84360637,NO,1
84360701,CH,1
84360701,NO,2
84361081,NO,2
84361120,NO,2
84361381,CH,1
84361381,NO,2
84361923,NO,3
84362063,NO,2
84362151,NO,5
84362155,NO,2
84362198,FR,1
84362198,NO,2
84362429,NO,4
84362446,GB,1
84362446,NO,5
84362527,NO,3
84362530,NO,2
84362609,NO,2
84363015,NO,4
84363227,NO,3
84363227,SE,1
84363675,NO,4
84363993,NO,3
84364003,NO,2
84365420,NO,9
84365420,US,9
84365428,NO,4
84365605,NO,2
84367351,NO,2
84367356,CA,1
84367356,DE,2
84367356,NO,1
84367356,US,1
84367489,GB,1
84367489,NO,4
84367565,DE,1
84367565,NO,2
84367579,DE,1
84367579,IE,1
84367579,NO,1
84369636,NO,2
84370164,NO,5
84370645,NO,7
84370755,NO,1
84370827,NO,3
84387566,NO,1
84387566,US,1
84387811,NO,2
84387933,NO,1
84387933,US,1
84389249,NO,2
84389357,NO,2
84390937,NO,2
84390937,US,2
84421315,NO,2
84421414,GB,3
84421414,NO,1
84421414,PK,1
84421564,NO,2
84421564,US,1
84439873,NO,2
84440068,NO,3
84440101,NO,4
84440101,PT,5
84462687,NO,7
84463136,GB,7
84463136,NO,5
84487455,NO,2
84487475,NO,2
84487539,NO,2
84487816,NO,9
84488049,NO,2
84488816,NO,6
84488816,US,1
84519385,NO,3
84519503,NO,1
84519503,US,1
84519697,BE,1
84519697,NO,1
84519785,NO,3
84519860,NO,2
84519860,PL,1
84519954,NO,4
84526276,NO,5
84526278,NO,3
84526709,NO,1
84526709,US,4
84526777,GB,1
84526777,NO,3
84526777,US,1
84534580,NO,6
84534778,NO,2
84534778,SE,1
84534804,NO,3
84535741,NO,4
84535861,NO,2
84537126,DK,3
84537126,NO,2
84539872,GB,1
84539872,NO,1
84539966,NO,3
84540302,NO,2
84540471,NO,4
84540520,NO,6
84540558,NO,2
84540648,GB,3
84540648,NO,1
84540648,SE,3
84540650,GB,3
84540650,NO,1
84540650,SE,3
84540922,NO,2
84543084,GB,1
84543084,NO,1
84544681,NO,2
84544683,NO,2
84544684,NO,1
84544684,SE,1
84544814,NO,2
84544814,US,7
84544947,CA,1
84544947,FR,2
84544947,NL,1
84544947,NO,1
84544947,RO,1
84544947,US,1
84545910,CA,1
84545910,FR,2
84545910,NL,1
84545910,NO,1
84545910,US,6
84545916,CA,1
84545916,FR,2
84545916,NL,1
84545916,NO,1
84545916,US,6
84545920,CA,1
84545920,FR,2
84545920,NL,1
84545920,NO,1
84545920,US,6
84546105,NO,4
84546136,NO,2
84546256,NO,2
84546256,US,1
84546481,NO,3
84546484,NO,3
84569226,NO,3
84569226,US,1
84602319,CH,1
84602319,NO,5
84602414,NO,2
84602637,FR,1
84602637,NO,2
84602637,SE,2
84688156,NO,3
84688256,NO,3
84688281,DK,1
84688281,NO,1
84688309,NO,2
84688325,NO,2
84689101,NO,3
84689242,NO,2
84689271,NO,2
84690703,CA,1
84690703,FR,1
84690703,GB,1
84690703,NL,1
84690703,NO,1
84690703,US,1
84691996,NO,3
84691998,NO,4
84692002,NO,4
84693268,NO,2
84766987,CH,1
84766987,NO,3
84767055,NL,1
84767055,NO,2
84767071,NO,2
84785196,NO,2
84799742,CH,1
84799742,NO,1
84799814,NO,2
84799967,NO,2
84801836,NO,5
84801839,NO,5
84801842,NO,2
84801849,NO,5
84801856,NO,7
84801858,NO,2
84801862,NO,4
84801870,NO,2
84801873,NO,2
84817389,NO,2
84817486,NO,2
84817708,GB,3
84817708,NO,2
84817708,US,1
84817850,NL,1
84817850,NO,2
84817856,NO,2
84818101,NO,7
84818401,GB,3
84818401,NO,1
84818426,GB,2
84818426,NO,2
84818454,NO,5
84818592,GB,1
84818592,NO,2
84819845,NO,3
84820400,NO,2
84829497,NO,1
84829497,US,3
84830110,NO,2
84830155,NO,2
84839735,NO,2
84839736,NO,2
84839738,NO,3
84839750,NO,2
84840046,NO,3
84887267,US,4
84887615,NL,1
84887615,NO,1
84887804,FR,1
84887804,NO,3
84888667,NO,1
84888667,US,3
84888767,US,3
84888782,NO,3
84888805,NO,2
84888843,NO,2
84889036,GB,1
84889036,NO,2
84889039,GB,2
84889039,NO,2
84889039,SE,1
84889064,NO,3
84889083,GB,1
84889083,NO,4
84889130,GB,1
84889130,NO,4
84889137,GB,3
84889137,NO,1
84889152,GB,1
84889152,NO,3
84889152,SE,1
84889179,NO,2
84889593,NO,3
84901273,FR,1
84901273,NO,4
84901362,NO,2
84901410,FR,1
84901410,NO,2
84901510,FR,1
84901510,NO,3
84901527,NO,2
84901591,NO,2
84901615,FR,1
84901615,NO,1
84901637,NO,4
84919565,NO,2
84919567,NO,3
84923264,BE,1
84923264,NO,1
84926255,NO,8
84926256,NO,2
84926480,NO,1
84926480,US,1
84926513,NO,2
84926627,NO,2
84943638,NO,5
84974607,NO,3
84974613,GB,1
84974613,NO,2
84974615,GB,3
84974615,NO,1
84974820,NO,2
84980529,CA,1
84980529,FR,1
84980529,NL,1
84980529,NO,1
84980529,US,4
84981147,NO,2
84981598,NO,2
84981702,NO,3
84982067,NO,2
84982303,NO,6
84982579,NO,3
85017752,NO,2
85017752,US,2
85017831,NO,5
85018008,NO,2
85018269,FR,1
85018269,NO,2
85018269,SE,1
85018330,NO,2
85018420,FR,1
85018420,NO,2
85018420,SE,1
85018559,NO,4
85018814,NO,2
85019074,NO,4
85035973,NO,2
85035997,NO,3
85036040,NO,3
85036194,NO,2
85036446,NO,2
85036669,NO,1
85036672,NO,1
85036674,NO,1
85036833,NO,4
85038682,NO,2
85076022,NO,1
85076022,US,2
85076200,FR,6
85076200,NO,1
85076211,NO,4
85076336,US,5
85076447,FR,6
85076447,NO,1
85078622,NO,2
85085964,CA,4
85085964,NO,1
85087092,NO,2
85121924,NO,3
85129957,NO,2
85130174,NO,2
85130184,NO,2
85132921,DK,3
85132921,NO,1
85150612,NO,2
85150688,NO,3
85155998,NO,2
85156004,IS,1
85156004,NO,5
85156037,NO,1
85156037,SE,2
85157210,NO,2
85157499,NO,2
85158924,NO,4
85160609,NO,3
85172699,FI,1
85172699,NO,2
85172699,US,1
85173073,NO,3
85173073,US,1
85174035,NO,4
85174035,US,1
85198830,NO,1
85198830,US,1
85199278,GR,1
85199278,IN,2
85199278,US,3
85200906,IS,1
85200906,NO,5
85200916,NO,4
85200918,NO,3
85202425,NO,3
85202426,NO,2
85221940,NO,4
85221940,US,1
85225044,NO,6
85225330,NO,2
85227406,NO,2
85229080,NO,2
85240839,NO,3
85240874,NO,3
85240955,CA,1
85240955,FR,1
85240955,GB,2
85240955,NL,1
85240955,NO,1
85240955,SG,1
85240955,US,1
85277957,NO,2
85278118,NO,2
85278251,NO,3
85278365,NO,2
85278365,US,2
85283804,NO,4
85284980,NO,1
85284980,SE,1
85285077,NO,2
85285077,SE,2
85285077,US,1
85285119,DE,1
85285119,NO,2
85285236,NO,3
85322024,NO,3
85322028,NO,4
85323219,CA,1
85323219,FR,1
85323219,NL,1
85323219,NO,1
85323219,US,4
85323226,CA,1
85323226,FR,1
85323226,NL,1
85323226,NO,3
85323226,US,1
85328647,DE,1
85328647,KE,1
85328647,NO,17
85328647,PL,1
85328647,US,1
85381234,NO,4
85381315,NO,2
85382708,NO,4
85383043,NO,3
85383049,US,9
85387134,NL,1
85387134,NO,2
85410101,NO,2
85410331,NO,2
85412976,NO,2
85415350,DE,1
85415350,NO,2
85461715,NO,2
85461715,SE,2
85476167,NO,3
85476261,NO,3
85476294,NO,3
85477925,NO,3
85478511,NO,2
85478511,US,1
85479528,GB,2
85479528,NO,3
85479528,US,1
85505422,NO,3
85506878,NO,2
85507075,NO,3
85507075,US,1
85507708,CA,1
85507708,FR,1
85507708,NL,1
85507708,NO,2
85507708,US,1
85511085,NO,2
85511085,RO,1
85556810,IT,1
85556810,NO,7
85556810,US,1
85572871,NO,3
85603314,NO,2
85603316,NO,4
85603422,CA,1
85603422,FR,1
85603422,NL,1
85603422,NO,3
85603422,US,1
85603562,CA,1
85603562,FR,2
85603562,NL,1
85603562,NO,1
85603562,US,2
85603566,CA,1
85603566,FR,2
85603566,NL,1
85603566,NO,1
85603566,US,3
85640846,NO,3
85641078,NO,2
85641807,NO,2
85641808,NO,6
85641809,AU,1
85641809,NO,1
85685392,NL,1
85685392,NO,6
85703617,NO,3
85703746,NO,6
85720995,NO,2
85721115,CA,1
85721115,FR,1
85721115,NL,1
85721115,NO,2
85721115,US,1
85724679,NO,9
85724734,NO,2
85724873,NO,3
85727115,NO,8
85772061,NO,3
85772139,US,4
85772311,NO,2
85774431,NO,3
85783293,NO,3
85783296,NO,2
85783297,NO,4
85783304,NO,2
85792745,FI,1
85792745,NO,1
85792794,NO,4
85796878,NO,2
85797205,NO,1
85797205,SE,1
85797536,NO,1
85797536,US,3
85797973,NO,2
85797973,US,1
85799539,FI,1
85799539,NO,1
85799567,NO,4
85800547,NO,2
85800760,NO,1
85800760,US,3
85800820,NO,3
85803672,IN,4
85803672,NO,3
85803672,US,2
85804561,NO,2
85804741,NO,1
85804741,US,4
85936821,NO,2
85937021,NO,2
85937174,AT,1
85937174,NO,1
85937390,NO,3
85937644,DK,1
85937644,NO,2
85979675,NO,3
85979701,DE,1
85979701,NO,3
85979851,DE,1
85979851,NO,3
85980666,NO,2
85980716,NO,3
85982447,FI,1
85982447,NO,2
85982447,US,1
85982448,NO,2
85983027,NO,6
85983027,US,1
85985135,NO,4
85987613,NO,2
85987615,NO,4
85987618,NO,2
85987618,SE,1
85988852,NO,1
85988852,US,2
86008097,NO,2
86052143,NO,3
86055911,IN,3
86055911,NO,1
86055911,US,1
86057386,NO,2
86057386,US,2
86058436,NO,4
86058438,NO,2
86058443,NO,2
86058450,NO,2
86058491,NO,2
86058493,NO,2
86058507,NO,2
86059572,CA,1
86059572,FR,1
86059572,GB,2
86059572,NL,1
86059572,NO,1
86059572,US,1
86097364,NO,3
86097367,NO,2
86099929,NO,3
86100984,NO,6
86158454,CA,1
86158454,FR,1
86158454,IN,5
86158454,NL,1
86158454,US,1
86160204,AU,2
86160204,NO,4
86185143,CA,1
86185143,CH,1
86185143,ES,1
86185143,NO,2
86185382,NO,2
86226439,NO,3
86226811,NO,3
86226845,NO,2
86229023,US,5
86229725,NO,1
86229725,US,2
86241453,AU,1
86241453,NO,1
86241480,NO,2
86241930,CA,1
86241930,FR,1
86241930,NL,1
86241930,NO,3
86241930,US,1
86241986,CA,1
86241986,FR,1
86241986,GB,1
86241986,IT,1
86241986,NL,1
86241986,NO,1
86241986,US,3
86272285,NO,3
86272477,NO,5
86282126,NO,1
86282729,NO,3
86285976,NO,3
86285976,US,2
86316315,FR,2
86316315,NO,1
86324252,US,4
86328850,NO,3
86329437,NO,7
86329647,NO,6
86329935,NO,2
86331818,NO,4
86332188,NO,3
86336484,NO,2
86336502,NO,2
86336511,NO,3
86336513,NO,4
86378268,NO,2
86382646,NO,2
86382684,NO,3
86382689,NO,2
86382690,NO,2
86382764,NO,3
86382981,NO,4
86387114,NO,2
86397548,NO,6
86397555,NO,3
86397556,NO,3
86397557,NO,2
86397565,NO,2
86397593,NO,1
86397593,SE,2
86397669,CA,1
86397669,FR,2
86397669,NL,1
86397669,NO,2
86397669,US,5
86397933,NO,5
86397933,US,5
86424661,NO,5
86424661,SE,1
86424664,NO,2
86424897,NO,2
86426168,NO,2
86497585,DE,1
86497585,NO,2
86497710,NO,5
86499756,FI,3
86499756,NO,1
86499913,IN,5
86499913,NO,1
86499913,US,1
86540228,NO,6
86546567,NO,2
86548533,NO,2
86558836,BE,1
86558836,NL,1
86558836,NO,2
86603877,NO,4
86605075,NO,2
86605233,NO,3
86605316,NO,5
86608414,NO,1
86608414,US,2
86609564,NO,3
86609564,US,2
86612870,NO,1
86612870,US,1
86646504,NO,2
86657167,NO,4
86657376,BE,1
86657376,NO,1
86692777,NO,2
86692955,NO,2
86693050,NO,6
86693792,NO,2
86693844,NO,4
86693845,NO,3
86693930,NO,1
86693930,US,2
86693961,IN,3
86693961,NO,1
86693961,US,1
86695162,NO,1
86695162,SG,2
86695162,US,1
86710670,NO,6
86710723,NL,3
86710723,NO,1
86710777,NO,3
86729205,NO,2
86730827,NO,3
86730827,SE,1
86730870,NO,2
86730878,NO,2
86730880,NO,3
86730882,NO,3
86730883,NO,3
86730885,FI,1
86730885,NO,1
86732068,NO,4
86732553,NO,3
86732723,NO,3
86733429,NO,3
86760240,NL,4
86760595,NO,2
86763409,NO,4
86764517,US,6
86764634,NO,3
86764667,NO,1
86764667,SE,1
86764738,NO,3
86764818,NO,2
86767578,NO,3
86768230,GB,1
86768230,NO,2
86768230,SE,1
86771333,NO,1
86771333,SE,1
86771338,NO,3
86771342,NO,1
86771342,SE,1
86773217,NO,6
86773219,NO,6
86773220,NO,1
86773220,US,1
86773468,NO,2
86773468,US,3
86775363,BD,2
86775363,DE,1
86775363,IN,2
86775363,NO,1
86851452,NO,3
86851452,SE,1
86861714,NO,4
86862100,NO,2
86895752,NO,6
86895753,NO,2
86898145,NO,1
86898145,US,2
86899166,NO,2
86903241,NO,2
86903252,NO,2
86903254,NO,2
86903259,NO,2
86903264,NO,3
86903267,NO,3
86903439,NO,2
86903950,NO,2
86904000,NO,4
86904054,DE,1
86904054,IN,1
86904054,NO,2
86904054,US,2
86904073,NO,2
86904073,PL,1
86904073,SE,1
86904394,NO,3
86942010,NO,2
86942377,NO,2
86942897,NO,2
86949056,NO,3
86949116,NO,2
86949118,NO,2
86999813,NO,3
86999829,BY,1
86999829,NO,2
87001786,NO,3
87001850,NO,2
87001907,NO,4
87002998,NO,2
87003152,NO,2
87035943,NO,1
87035943,US,2
87036043,NO,3
87036963,NO,3
87036967,DE,3
87036967,FI,1
87036967,NO,1
87036970,NO,3
87037343,NO,4
87059803,NO,3
87059806,NO,2
87060118,NO,2
87060723,NO,4
87068787,NO,3
87070496,NO,2
87070496,US,1
87074598,NO,2
87074742,NO,3
87136887,NO,3
87136914,NO,2
87155665,NO,2
87157013,NO,2
87157881,NO,3
87158083,NO,3
87160462,NO,2
87161489,NO,1
87161489,US,1
87162201,GB,1
87162201,NO,3
87163338,NO,2
87163338,US,4
87196211,DK,2
87196211,NO,1
87196336,NO,1
87196336,SE,1
87201932,NO,3
87201988,NO,3
87202546,NO,1
87245461,DK,2
87245461,NO,1
87245562,NO,6
87245620,DK,3
87245620,NO,1
87312601,NO,3
87312887,NO,2
87348612,NO,2
87348617,NO,2
87377700,FR,1
87377700,NO,2
87377700,US,3
87377966,NO,2
87378624,NO,2
87378625,NO,2
87418866,NO,2
87419357,NO,2
87419358,NO,5
87424130,NO,3
87424131,NO,2
87430510,NO,4
87430510,SG,3
87430510,US,3
87430599,NO,4
87430599,SG,2
87430599,US,3
87430779,NO,4
87430779,SG,2
87430779,US,3
87431537,NO,1
87431537,US,2
87431629,NO,2
87431651,NO,2
87432030,IN,3
87432030,NO,1
87432030,US,1
87468463,NO,3
87468469,NO,2
87468524,NO,4
87468600,NO,3
87472293,NO,3
87472298,NO,3
87472322,NO,3
87472344,NO,2
87472346,NO,2
87472346,SE,1
87472347,NO,3
87473724,NO,4
87473727,NO,3
87474048,NO,4
87474092,NO,4
87513982,NO,3
87514204,NO,3
87514244,NO,7
87517025,NO,2
87517025,PL,1
87517293,NO,3
87517433,NO,5
87519710,NO,3
87519771,NO,1
87519775,NO,1
87519911,NO,7
87521786,NO,2
87521786,US,5
87521808,NO,2
87521808,US,1
87521966,NO,1
87521966,US,1
87552676,NO,2
87552677,NO,2
87553504,NO,2
87553505,NO,3
87553506,NO,2
87554176,NO,2
87554589,NO,2
87554791,NL,1
87554791,NO,5
87557311,DE,1
87557311,NO,2
87557792,NO,2
87559274,NO,2
87559274,US,1
87559323,GB,1
87559323,NO,1
87559323,SG,1
87559323,US,2
87559733,CN,1
87559733,NO,2
87559733,US,1
87559748,NO,1
87559748,US,1
87560972,US,3
87560996,US,7
87561101,US,12
87564855,NO,3
87567711,NO,2
87568924,NO,2
87568926,NO,2
87571053,NO,1
87571053,PT,11
87571094,MT,1
87571094,NO,1
87573777,US,2
87573802,NO,1
87573802,US,1
87573806,NO,1
87573806,US,1
87574881,NO,20
87575113,NO,1
87575113,US,1
87577953,JP,3
87577953,NO,1
87578710,NO,2
87578752,CA,1
87578752,FR,1
87578752,NL,1
87578752,NO,3
87578752,US,1
87580140,DK,2
87580140,NO,2
87643911,NO,2
87695987,NO,3
87760171,NO,3
87760207,AU,2
87760207,FI,2
87760207,NO,1
87760224,DE,5
87760224,FI,1
87760224,NO,1
87760285,NO,3
87760285,US,3
87760543,NO,2
87762294,NO,1
87762294,US,1
87762686,AT,3
87762686,NO,3
87762763,NO,3
87762940,NO,3
87762973,NO,3
87766515,NO,4
87797661,NO,3
87802082,NO,2
87802083,NO,2
87803516,NO,5
87803643,NO,2
87803662,GB,1
87803662,NO,1
87845555,NO,5
87845555,US,2
87845615,NO,3
87848052,NO,3
87850120,NO,1
87850120,US,2
87863560,NO,3
87863592,NO,4
87863663,NO,2
87884081,NO,2
87884085,NO,2
87886652,NO,2
87886686,NO,3
87886696,NO,2
87886921,NO,2
87888027,NO,1
87888088,NO,2
87888093,NO,2
87930859,NO,1
87930859,US,5
87932159,NO,1
87932159,US,1
87933557,NO,4
87933868,NO,4
87934417,NO,2
87935544,NO,4
87935593,NO,3
87935594,NO,2
87935595,NO,2
87974641,NO,4
87974657,NO,4
87975470,NO,4
87975489,NO,2
87975712,NO,5
88012220,GB,1
88012220,NO,1
88020934,DE,1
88020934,NO,1
88023905,US,6
88060616,NO,3
88064656,NO,4
88064677,HU,1
88064677,NO,1
88067497,NO,2
88067497,US,1
88068341,US,4
88068451,US,10
88068917,NO,5
88069409,NO,5
88069678,BE,1
88069678,NO,3
88093107,NO,5
88093144,NO,2
88094711,GB,4
88094711,US,1
88095846,US,6
88096533,IN,3
88096533,NO,1
88096533,US,1
88101915,NO,2
88101915,SE,1
88143904,NO,2
88143943,NO,2
88143944,NO,2
88144554,NO,2
88146812,NO,2
88189661,NO,2
88192202,NO,2
88192291,NO,4
88193179,NO,1
88193179,US,1
88194133,NO,5
88194460,GB,2
88194460,NO,1
88194460,SE,1
88194460,US,1
88194470,GB,2
88194470,NO,1
88194470,SE,1
88194470,US,1
88194977,CA,1
88194977,FR,1
88194977,NL,1
88194977,NO,1
88194977,US,3
88194981,NO,1
88194981,US,5
88194996,CA,1
88194996,FR,1
88194996,NL,1
88194996,NO,1
88194996,US,3
88195003,CA,1
88195003,FR,1
88195003,NL,1
88195003,NO,1
88195003,US,4
88195067,NO,3
88197003,NO,3
88203231,NO,2
88204263,NO,2
88204414,NO,3
88204415,NO,2
88237341,NO,2
88237341,SE,1
88237498,NO,1
88237498,SE,1
88237748,NO,2
88239055,NO,1
88239055,US,1
88287269,NO,2
88291842,NO,2
88292092,KR,2
88292092,NO,1
88297034,US,8
88297326,NO,3
88297327,NO,4
88297328,NO,7
88297329,NO,2
88307068,NO,2
88307069,NO,2
88307088,NO,2
88307732,DE,5
88307732,NO,1
88315436,NO,2
88315776,NO,6
88315883,NO,2
88372548,NO,3
88372549,NO,2
88372550,NO,2
88405031,NO,2
88412321,NO,2
88414832,US,7
88417123,AT,1
88417123,NO,3
88420214,NO,6
88466563,AT,1
88466563,NO,3
88468966,NO,2
88469728,EC,1
88469728,NO,1
88469728,PL,9
88504989,NO,2
88505303,NO,2
88506538,NO,2
88506998,NO,2
88507021,NO,2
88511907,NO,2
88511907,US,1
88512106,NO,3
88512106,US,2
88517342,NO,3
88517479,NO,3
88519332,NO,2
88519342,NO,2
88558404,NO,2
88558570,NO,2
88564017,NO,2
88564018,NO,2
88564019,NO,2
88600651,NO,3
88648578,NO,1
88648578,US,1
88648901,NO,2
88650745,NO,8
88651410,NO,2
88689913,NO,3
88689941,NO,3
88690241,NO,2
88695472,NO,2
88695496,NO,2
88695532,US,6
88695592,NO,2
88695672,NO,3
88730602,NO,5
88730664,NO,2
88730677,NO,5
88731430,NO,3
88731432,NO,4
88731432,SA,2
88731432,US,1
88745797,NO,3
88745798,NO,3
88777737,NO,1
88777737,US,1
88778527,NO,2
88779310,NO,2
88792303,IT,2
88792303,NO,2
88792303,US,7
88792998,NO,2
88793193,NO,4
88793261,NO,2
88835617,NO,2
88835877,NO,2
88836573,NO,1
88836573,US,1
88837159,NO,3
88838970,NO,2
88839869,NO,2
88839931,NO,2
88839932,NO,2
88839937,NO,2
88863432,NO,4
88874460,NO,3
88874865,NO,3
88874960,NO,2
88876392,NO,3
88876392,US,1
88876420,NO,1
88876420,US,9
88877339,NO,2
88877934,NO,1
88877934,US,1
88878800,NO,1
88879084,NO,1
88879185,NO,1
88880588,NO,1
88919608,NO,2
88923596,NO,2
88965230,DK,1
88965230,NO,2
88969494,NO,2
88969820,NO,3
88974957,US,2
88975422,NO,3
88976229,NO,3
88976229,US,1
88977449,NO,2
88977449,SA,1
88977466,NO,1
88977466,US,4
88978326,NO,3
88978434,NO,2
88978458,NO,2
89022952,NO,1
89029748,NO,6
89030135,NO,2
89030136,NO,2
89030138,NO,2
89030139,NO,7
89068353,LT,5
89068353,NO,1
89068691,NO,2
89069285,NO,2
89069667,NO,2
89073267,NO,8
89073267,SE,1
89073669,NO,2
89076162,NO,4
89076426,NO,4
89077261,NO,1
89077261,US,2
89077372,NO,1
89077372,US,3
89077383,CA,2
89077383,KE,1
89077383,MX,1
89077383,NO,2
89077383,RO,1
89077383,US,1
89118755,NO,3
89118756,NO,5
89118759,NO,3
89118759,SE,1
89119582,NO,3
89121454,NO,2
89121757,NO,4
89122021,NO,4
89122166,NO,4
89146926,NO,7
89146927,NO,2
89146928,NO,6
89157898,NO,4
89157898,SA,2
89157898,US,1
89158735,NO,2
89158980,NO,4
89158993,NO,5
89159390,NO,2
89159394,NO,2
89170160,NO,1
89170160,US,2
89191705,NO,2
89223371,NO,3
89223699,NO,2
89223764,NO,8
89223798,NO,5
89223928,NO,2
89307366,NO,2
89307367,CA,1
89307367,NO,3
89308875,NO,1
89324075,NO,1
89324075,US,2
89380319,NO,2
89380343,NO,2
89381038,GB,1
89381038,NO,1
89381038,US,3
89381042,NO,1
89381042,US,5
89381205,NO,2
89381208,NO,2
89381210,NO,2
89384424,NO,5
89384425,NO,2
89386315,NO,2
89426963,GB,1
89426963,NO,3
89428665,NO,2
89429928,NO,3
89430485,NO,3
89430519,NO,3
89432752,NO,2
89433813,GB,1
89433813,NO,1
89452437,NO,2
89452600,NO,3
89453888,NO,2
89453891,NO,3
89473350,NO,2
89473444,NO,4
89473993,NO,3
89493229,ES,1
89493229,NO,1
89493229,US,2
89507486,NO,4
89507533,NO,2
89507632,NO,2
89508877,NO,2
89508937,NO,3
89508939,NO,2
89508961,NO,3
89509705,NO,1
89509705,US,1
89510091,GB,1
89510091,IE,3
89510091,NO,1
89510091,US,1
89510469,NO,1
89510469,US,2
89535689,CA,1
89535689,CH,1
89535689,ES,1
89535689,NO,2
89535906,NO,5
89535947,NO,6
89537178,NO,3
89537182,NO,2
89541321,NO,2
89543840,NO,1
89543841,NO,1
89543842,NO,1
89573860,FR,3
89573860,NL,1
89573860,NO,1
89573860,RO,2
89573860,US,1
89619962,NO,3
89648249,NO,2
89648250,NO,2
89648251,NO,2
89658325,NO,2
89658771,NO,2
89661356,NO,2
89662277,NO,2
89663044,NO,3
89707093,NO,2
89718004,NO,2
89718005,NO,2
89718006,NO,2
89719980,NO,1
89720027,NO,2
89722926,NO,2
89751940,NO,1
89751940,US,1
89767475,NO,1
89767475,SE,1
89768240,NO,3
89769722,CA,3
89769722,GB,1
89769722,NO,1
89770363,NO,3
89770363,US,3
89808638,DE,1
89808638,NO,2
89843965,NO,6
89846906,US,2
89847243,GB,2
89847243,NO,2
89854305,NO,2
89855868,NO,2
89906799,CH,1
89906799,NO,1
89906799,US,5
89907091,NO,2
89907091,US,1
89908407,NO,2
89941998,NO,2
89942008,NO,2
89942689,NO,4
89942690,NO,4
89942691,NO,2
89985081,IN,2
89985081,NO,1
89985081,US,1
89995487,NO,1
89995487,US,3
90013846,NO,3
90038817,NO,2
90086737,NO,2
90098444,NO,2
90098505,NO,1
90098505,US,1
90140795,NO,1
90140795,US,1
90141824,NO,1
90141824,SG,1
90141824,US,2
90243479,NO,1
90243479,US,1
90244897,NO,1
90244897,US,1
90300563,NO,1
90300563,PK,1
90345587,NO,3
90359174,NO,1
90359174,US,1
90360450,CN,1
90360450,NO,3
90360450,US,1
90360987,NO,3
90360987,US,1
90366879,NO,4
90453469,MT,3
90453469,NO,1
90453470,NO,2
90454757,NO,2
90470592,FI,1
90470592,NO,1
90470592,US,1
90470848,NO,1
90470848,US,3
90471714,NO,2
90472229,US,5
90478827,NO,2
90478835,NO,8
90526515,NO,2
90526516,NO,2
90526517,NO,2
90526518,NO,2
90526519,NO,2
90526520,NO,5
90526737,NO,2
90556510,NO,3
90566959,DK,1
90566959,NO,2
90574545,NO,9
90574545,US,1
90575234,NO,6
90608414,NO,2
90608417,NO,2
90608427,DK,1
90608427,NO,1
90608431,NO,6
90608448,NO,2
90668342,NO,2
90670060,NO,3
90714505,NO,2
90714506,NO,2
90728975,NO,3
90827158,NO,2
90833716,DE,1
90833716,DK,1
90833716,NO,3
90833716,US,1
90833843,NO,4
90833843,US,1
90898350,IN,4
90898350,NO,3
90898350,US,1
90911576,NO,2
90927424,MT,1
90927424,NO,3
90927841,NO,1
90927841,US,2
90931142,NO,4
90970795,NO,2
90970797,NO,2
91027663,NO,1
91027663,US,1
91028211,NO,1
91028211,US,1
91049131,GB,1
91049131,NO,1
91049131,SE,1
91070352,NO,2
91073713,NO,3
91075117,NO,2
91075118,NO,2
91079527,NO,1
91079527,US,2
91080319,GB,1
91080319,NO,2
91080319,US,1
91085138,NO,3
91085147,NO,2
91085161,NL,1
91085161,NO,1
91130355,NO,2
91130364,NO,2
91196378,NO,2
91196416,NO,2
91196427,NO,2
91227550,NO,1
91227557,NO,1
91227562,NO,1
91258166,NO,2
91258167,GB,1
91258167,NO,2
91278756,FR,1
91278756,NO,1
91278756,SE,1
91279445,NO,1
91279445,SG,1
91279445,US,3
91280232,NO,3
91323023,DK,3
91323023,NO,1
91335161,NO,2
91335162,CY,1
91335162,NO,3
91335163,NO,2
91335926,DK,1
91335926,NO,2
91379791,GB,1
91379791,NO,7
91382314,NL,1
91382314,NO,4
91432202,NO,2
91432203,NO,2
91433673,NO,3
91473097,NO,4
91473097,US,1
91486190,NO,2
91486216,NO,5
91486220,NO,2
91530369,NO,2
91530370,NO,2
91538774,NO,2
91538775,NO,2
91539588,NO,2
91539742,NO,3
91583578,DE,1
91583578,NO,1
91583578,US,1
91585071,CN,3
91585071,NO,2
91585071,US,1
91589633,NO,3
91621346,NO,3
91621347,NO,2
91622740,NO,3
91644030,NO,2
91644030,US,1
91647717,IN,5
91647717,NO,3
91647717,US,1
91700689,NO,2
91700690,NO,3
91718578,NO,4
91719563,NO,2
91719564,NO,2
91835290,NO,2
91845330,NO,5
91845610,NO,1
91845610,US,4
91924614,NO,3
91934015,NO,1
91934015,US,4
91959517,NO,2
91959518,NO,2
91960040,NO,4
91964614,NO,1
91964614,SE,1
92539261,DK,1
92539261,NO,2
92539310,NO,2
92634649,NO,3
92893848,NO,2
92931180,HU,1
92931180,NO,1
92931180,US,1
93011202,NO,2
93285385,NO,1
93285385,US,4
93457243,NO,1
93457248,NO,1
93522799,NO,1
93932088,NO,2
94174178,NO,1
94174178,US,4
94322274,NO,2
94477754,ES,1
94477754,NO,3
94477787,NO,3
