docdb_family_id,person_ctry_code,combined_ratio
30117093,GB,0.1
30117093,NO,0.9
32930542,NO,1.0
35220688,NO,0.6666666666666666
35220688,US,0.3333333333333333
35267088,DE,0.2857142857142857
35267088,NL,0.42857142857142855
35267088,NO,0.2857142857142857
36803659,GB,0.5
36803659,NO,0.5
37671443,GB,0.7857142857142857
37671443,NO,0.21428571428571427
38163327,IL,0.3333333333333333
38163327,NO,0.6666666666666666
38372038,US,1.0
39101658,FI,0.18181818181818182
39101658,IT,0.18181818181818182
39101658,NO,0.6363636363636364
41114732,NO,0.2222222222222222
41114732,US,0.7777777777777778
42283642,NO,1.0
42354652,NO,1.0
42983487,IT,0.2857142857142857
42983487,NO,0.7142857142857143
43065226,NO,1.0
44146318,CL,0.5454545454545454
44146318,NO,0.45454545454545453
44542539,NO,0.18181818181818182
44542539,US,0.8181818181818182
44645370,DK,1.0
44860439,GB,0.3333333333333333
44860439,NO,0.6666666666666666
45464639,NO,1.0
45495902,GB,0.09090909090909091
45495902,NO,0.9090909090909091
45541216,GB,0.125
45541216,NO,0.875
46757277,KR,0.13333333333333333
46757277,NO,0.13333333333333333
46757277,US,0.7333333333333333
46846167,NO,1.0
46969414,NO,0.8
46969414,US,0.2
48539300,NO,0.25
48539300,SE,0.75
48613178,NO,1.0
49779863,NO,1.0
50002662,NO,1.0
50071052,GB,0.7142857142857143
50071052,NO,0.2857142857142857
50239676,NO,1.0
50543578,CA,0.35294117647058826
50543578,DE,0.5294117647058824
50543578,NO,0.11764705882352941
50884956,DK,0.8333333333333334
50884956,NO,0.16666666666666666
50979080,CA,0.14285714285714285
50979080,FR,0.2857142857142857
50979080,GB,0.14285714285714285
50979080,NO,0.2857142857142857
50979080,US,0.14285714285714285
51302828,NO,1.0
51869718,NO,1.0
51869758,NO,1.0
51986097,NO,1.0
52349617,NO,1.0
52469249,NO,1.0
52577849,NO,1.0
52649067,GB,0.5
52649067,NO,0.5
52673865,NO,1.0
53181597,NO,0.4
53181597,US,0.6
53403185,NO,1.0
53489699,GB,0.14285714285714285
53489699,NO,0.14285714285714285
53489699,US,0.7142857142857143
53673311,GB,0.45
53673311,NE,0.05
53673311,NO,0.2
53673311,US,0.3
53677482,GB,0.25
53677482,NO,0.75
53756005,NO,0.4
53756005,US,0.6
53775996,FR,0.3333333333333333
53775996,NO,0.3333333333333333
53775996,US,0.3333333333333333
53776955,NO,0.8
53776955,US,0.2
54336802,NO,0.4
54336802,US,0.6
54606078,NO,1.0
55025003,GB,0.4
55025003,NO,0.6
55066354,NO,1.0
55132414,NO,1.0
55234448,IN,0.5
55234448,NO,0.5
55631054,NO,0.2
55631054,SE,0.8
55745553,DE,0.5
55745553,NO,0.5
55963321,NO,1.0
56101757,CN,0.2
56101757,FR,0.4
56101757,NO,0.2
56101757,US,0.2
56108010,CN,0.25
56108010,FR,0.375
56108010,NO,0.125
56108010,US,0.25
56132759,NO,1.0
56360457,GB,0.25
56360457,NO,0.75
56544309,CN,0.2727272727272727
56544309,FR,0.36363636363636365
56544309,NO,0.18181818181818182
56544309,US,0.18181818181818182
56879732,CN,0.3333333333333333
56879732,NO,0.16666666666666666
56879732,US,0.5
56895114,NO,0.5
56895114,SE,0.5
57218882,NO,1.0
57398467,BR,0.3333333333333333
57398467,NO,0.3333333333333333
57398467,US,0.3333333333333333
57799622,NO,1.0
57910122,NO,0.5
57910122,US,0.5
58044125,NO,1.0
58100941,CA,0.14285714285714285
58100941,FR,0.14285714285714285
58100941,NL,0.14285714285714285
58100941,NO,0.42857142857142855
58100941,US,0.14285714285714285
58188673,GB,0.3333333333333333
58188673,NO,0.6666666666666666
58240861,GB,0.3333333333333333
58240861,NO,0.6666666666666666
58360664,NO,1.0
58360996,NO,1.0
58448349,AT,0.16666666666666666
58448349,CH,0.3333333333333333
58448349,DE,0.16666666666666666
58448349,LI,0.16666666666666666
58448349,NO,0.16666666666666666
58462478,NO,1.0
58464508,NO,1.0
58544187,NO,1.0
58548768,NO,1.0
58584257,NO,1.0
58632557,NO,0.5
58632557,US,0.5
58664231,NO,0.3333333333333333
58664231,US,0.6666666666666666
58682734,NO,1.0
58682786,NO,0.8333333333333334
58682786,SE,0.16666666666666666
58709962,NO,1.0
58721366,NO,0.8
58721366,US,0.2
58765887,NO,1.0
59065626,NO,1.0
59220635,GB,0.16666666666666666
59220635,NO,0.8333333333333334
59254039,GB,0.2
59254039,NO,0.2
59254039,US,0.6
59315613,NO,1.0
59676672,NO,1.0
59762051,ES,0.3
59762051,NO,0.7
59778985,CA,0.2
59778985,DK,0.3
59778985,NO,0.5
60037196,BE,0.4444444444444444
60037196,DK,0.3333333333333333
60037196,NO,0.2222222222222222
60037279,BE,0.4444444444444444
60037279,DK,0.3333333333333333
60037279,NO,0.2222222222222222
60117284,NO,0.3333333333333333
60117284,US,0.6666666666666666
60203014,NO,1.0
60452486,NO,1.0
60515375,BE,0.16666666666666666
60515375,CH,0.3333333333333333
60515375,FR,0.16666666666666666
60515375,NO,0.3333333333333333
60654494,FI,0.3333333333333333
60654494,NO,0.6666666666666666
60664176,NO,1.0
60673489,NO,1.0
60782210,NO,0.3333333333333333
60782210,SE,0.6666666666666666
60805742,GB,0.16666666666666666
60805742,NO,0.8333333333333334
61008786,NO,1.0
61024602,GB,0.25
61024602,NO,0.75
61054172,NO,1.0
61189448,NO,1.0
61254461,NO,1.0
61526773,NL,0.14285714285714285
61526773,NO,0.8571428571428571
61563532,NO,0.8888888888888888
61563532,US,0.1111111111111111
61563533,IT,0.1111111111111111
61563533,NO,0.7777777777777778
61563533,US,0.1111111111111111
61581354,NO,0.5
61581354,SE,0.5
61616772,NO,1.0
61899313,NO,1.0
62020082,NO,0.3333333333333333
62020082,SE,0.6666666666666666
62090016,NO,1.0
62142372,GB,0.7142857142857143
62142372,NO,0.2857142857142857
62167350,NO,1.0
62236239,NO,1.0
62494677,NO,1.0
62494678,NO,1.0
62624927,NO,0.5
62624927,SE,0.5
62624929,NO,0.5
62624929,SE,0.5
63143728,NO,1.0
63143801,GB,0.5
63143801,NO,0.25
63143801,SE,0.25
63405219,NO,1.0
63405220,NO,1.0
63445755,NO,1.0
63524241,BR,0.6666666666666666
63524241,CA,0.1111111111111111
63524241,NO,0.1111111111111111
63524241,US,0.1111111111111111
63556360,NO,1.0
63586806,NO,0.5
63586806,US,0.5
63715130,NO,1.0
63794756,NO,0.2
63794756,US,0.8
63834031,NO,1.0
63834034,NO,1.0
63858010,NO,1.0
63862136,NO,1.0
63878665,NO,1.0
63878684,NO,1.0
63915734,NO,0.75
63915734,US,0.25
64014714,NO,0.6
64014714,US,0.4
64604724,NO,0.25
64604724,US,0.75
64738034,NO,0.75
64738034,US,0.25
64738092,NO,0.8333333333333334
64738092,US,0.16666666666666666
64742639,NO,0.2
64742639,US,0.8
64744918,NO,1.0
64951218,NL,0.1
64951218,NO,0.3
64951218,US,0.6
65003554,NO,0.3333333333333333
65003554,US,0.6666666666666666
65009771,NO,1.0
65011748,NL,0.6
65011748,NO,0.2
65011748,US,0.2
65016249,NO,1.0
65024231,NO,1.0
65024727,GB,0.25
65024727,NO,0.5
65024727,SE,0.25
65236978,NO,1.0
65243589,GB,0.6666666666666666
65243589,NO,0.16666666666666666
65243589,US,0.16666666666666666
65274886,CA,0.42857142857142855
65274886,FR,0.14285714285714285
65274886,NL,0.14285714285714285
65274886,NO,0.14285714285714285
65274886,US,0.14285714285714285
65352053,NO,1.0
65352054,NO,1.0
65409118,NO,1.0
65808960,DE,0.16666666666666666
65808960,IN,0.16666666666666666
65808960,NO,0.16666666666666666
65808960,US,0.5
65995789,DE,0.4
65995789,NO,0.6
66102138,NO,1.0
66181370,NO,1.0
66240167,GB,0.75
66240167,NO,0.25
66243532,NO,0.125
66243532,US,0.875
66251813,NO,1.0
66540312,NO,1.0
66826923,IN,0.2
66826923,NO,0.2
66826923,SG,0.6
66826977,NO,1.0
66826985,NO,1.0
67145844,NO,1.0
67220698,NO,1.0
67262338,DE,0.6666666666666666
67262338,NO,0.3333333333333333
67297301,NO,0.16666666666666666
67297301,US,0.8333333333333334
67441564,NO,1.0
67511647,NO,1.0
67623215,NO,1.0
67684686,CA,0.5
67684686,NO,0.5
67700158,NO,1.0
67701231,NO,1.0
67810426,GB,0.16666666666666666
67810426,NO,0.8333333333333334
67928828,NL,0.5
67928828,NO,0.5
67997509,IN,0.2
67997509,NO,0.2
67997509,SG,0.6
68108921,NO,1.0
68291597,NO,0.5
68291597,US,0.5
68292617,GB,0.3333333333333333
68292617,IE,0.3333333333333333
68292617,NO,0.3333333333333333
68315280,NL,0.5
68315280,NO,0.5
68315372,NO,1.0
68342458,NO,0.5
68342458,PL,0.5
68425536,NO,0.2857142857142857
68425536,US,0.7142857142857143
68614305,NO,0.75
68614305,US,0.25
68728301,NO,1.0
68763676,NO,0.8
68763676,US,0.2
68764636,NO,0.5
68764636,US,0.5
68768884,NO,1.0
68917589,NL,0.4
68917589,NO,0.4
68917589,US,0.2
69005258,NL,0.3333333333333333
69005258,NO,0.5
69005258,US,0.16666666666666666
69005761,NO,1.0
69059106,NO,0.3333333333333333
69059106,US,0.6666666666666666
69061430,NO,0.875
69061430,US,0.125
69062099,GB,0.75
69062099,NO,0.25
69086376,NO,1.0
69104300,ES,0.2
69104300,NO,0.8
69137215,GB,0.2
69137215,NO,0.8
69147180,NO,1.0
69165466,NO,1.0
69186599,NO,1.0
69322634,NO,1.0
69322907,NO,1.0
69493486,NO,1.0
69626225,NO,1.0
69626234,NO,1.0
69636765,NO,1.0
69639782,GB,0.6666666666666666
69639782,NO,0.3333333333333333
69740251,DE,0.6666666666666666
69740251,NO,0.3333333333333333
69810688,NO,1.0
69844865,NO,1.0
69846240,NO,1.0
69903021,NO,1.0
70228770,NL,0.5
70228770,NO,0.5
70278581,NO,1.0
70289747,DK,0.3333333333333333
70289747,NO,0.6666666666666666
70295139,NO,0.2
70295139,TW,0.2
70295139,US,0.6
70458586,GB,0.3333333333333333
70458586,IE,0.3333333333333333
70458586,NO,0.3333333333333333
70465214,NO,1.0
70476117,NO,1.0
70546530,BR,0.09090909090909091
70546530,IN,0.09090909090909091
70546530,NO,0.7272727272727273
70546530,SE,0.09090909090909091
70546578,NO,1.0
70546641,NO,1.0
70553245,NO,1.0
70553403,NO,0.3333333333333333
70553403,US,0.6666666666666666
70680242,BE,0.3333333333333333
70680242,NL,0.3333333333333333
70680242,NO,0.3333333333333333
70726501,NO,0.6666666666666666
70726501,US,0.3333333333333333
70768774,NO,1.0
70768990,NO,1.0
70803013,NO,1.0
70857017,DE,0.2
70857017,FR,0.2
70857017,NL,0.4
70857017,NO,0.2
70861217,BE,0.75
70861217,NO,0.25
70921797,NO,1.0
71080219,CN,0.125
71080219,NO,0.375
71080219,US,0.5
71080626,NO,1.0
71083400,BE,0.6666666666666666
71083400,NO,0.3333333333333333
71608241,NO,1.0
71615893,NO,1.0
71787005,NO,0.5
71787005,US,0.5
71835579,FR,0.3333333333333333
71835579,NO,0.6666666666666666
71895040,NO,0.5
71895040,US,0.5
71944174,NO,0.5
71944174,US,0.5
71949674,DE,0.25
71949674,NO,0.75
72050394,DE,0.125
72050394,FI,0.25
72050394,GB,0.125
72050394,NL,0.125
72050394,NO,0.375
72050473,NO,1.0
72139990,NO,1.0
72235027,NO,0.5
72235027,US,0.5
72241297,NO,1.0
72266891,NO,0.6
72266891,US,0.4
72422335,NO,1.0
72422609,NO,0.75
72422609,US,0.25
72428246,NO,1.0
72515774,NO,0.8
72515774,US,0.2
72826934,NO,1.0
72896210,NO,1.0
72915797,NO,1.0
73014525,NO,1.0
73401839,NO,1.0
73451196,NO,1.0
73476146,NO,1.0
73497753,NO,1.0
73646343,NO,1.0
73646467,NO,0.2857142857142857
73646467,SA,0.5714285714285714
73646467,US,0.14285714285714285
73695101,NO,1.0
73744651,NO,0.5
73744651,US,0.5
73781446,NO,1.0
73781472,NO,0.3333333333333333
73781472,US,0.6666666666666666
74059778,NO,1.0
74104237,US,1.0
74181203,NO,0.5
74181203,SE,0.5
74187163,NL,0.5
74187163,NO,0.5
74205673,BE,0.3333333333333333
74205673,NL,0.3333333333333333
74205673,NO,0.3333333333333333
74205711,DE,0.8
74205711,NO,0.2
74211208,NO,1.0
74228359,IN,0.25
74228359,JP,0.25
74228359,NO,0.25
74228359,US,0.25
74418194,NO,0.25
74418194,US,0.75
74494810,DE,0.2222222222222222
74494810,NO,0.7777777777777778
74561691,BR,0.5
74561691,NO,0.5
74561826,DE,0.75
74561826,NO,0.25
74566490,NO,1.0
74568744,GB,0.4
74568744,NO,0.2
74568744,US,0.4
74661318,FR,0.5
74661318,NO,0.5
74667706,FI,0.6666666666666666
74667706,NO,0.3333333333333333
74667751,FI,0.5
74667751,NO,0.5
74669502,NO,1.0
74673088,DE,0.5
74673088,NO,0.5
74673128,NO,1.0
74673162,GB,0.4
74673162,NO,0.6
74678839,NO,1.0
74678960,NO,1.0
74678969,GB,0.25
74678969,NO,0.75
74679039,GB,0.5
74679039,NO,0.5
74683940,NO,1.0
74759495,NO,0.5714285714285714
74759495,US,0.42857142857142855
74844971,NO,1.0
74856697,NO,1.0
74856810,FR,0.3333333333333333
74856810,NO,0.3333333333333333
74856810,SE,0.3333333333333333
74858223,DE,0.8
74858223,NO,0.2
74858353,NO,1.0
74858381,FR,0.3333333333333333
74858381,NO,0.6666666666666666
74858735,CH,0.25
74858735,NL,0.5
74858735,NO,0.25
74859050,FI,0.6666666666666666
74859050,NO,0.3333333333333333
74859178,NL,0.25
74859178,NO,0.25
74859178,US,0.5
74859292,NO,1.0
74859759,FR,0.3333333333333333
74859759,NO,0.6666666666666666
74859760,FR,0.3333333333333333
74859760,NO,0.6666666666666666
74865311,GB,0.2
74865311,NO,0.8
74865391,NO,1.0
74867403,NO,1.0
74870795,DK,0.07142857142857142
74870795,NO,0.8571428571428571
74870795,SG,0.07142857142857142
74871245,CH,0.2
74871245,NO,0.8
74871256,CH,0.16666666666666666
74871256,NO,0.8333333333333334
74871262,CH,0.2
74871262,NO,0.8
74871268,CH,0.2
74871268,NO,0.8
74871739,NO,1.0
74873595,NO,0.75
74873595,US,0.25
74874673,DE,0.5
74874673,NO,0.5
74878994,GB,0.2
74878994,NO,0.8
74879119,FI,0.3333333333333333
74879119,NO,0.6666666666666666
74879746,NO,1.0
74879896,NO,0.3333333333333333
74879896,US,0.6666666666666666
74947002,NO,1.0
75108123,NO,1.0
75108645,ES,0.5
75108645,NO,0.5
75108647,AU,0.2
75108647,GB,0.2
75108647,NO,0.2
75108647,US,0.4
75108757,NO,1.0
75143529,NO,1.0
75143624,NO,1.0
75143639,NO,1.0
75173069,NO,1.0
75223190,CH,0.16666666666666666
75223190,NO,0.8333333333333334
75223383,NO,1.0
75252554,BE,0.3333333333333333
75252554,FI,0.3333333333333333
75252554,NO,0.3333333333333333
75277807,BE,0.8
75277807,NO,0.2
75277910,NO,1.0
75278321,NO,1.0
75302245,BE,0.16666666666666666
75302245,FI,0.16666666666666666
75302245,FR,0.3333333333333333
75302245,NO,0.3333333333333333
75338915,BR,0.2
75338915,CH,0.6
75338915,NO,0.2
75338968,NO,1.0
75339117,NO,1.0
75339220,NO,1.0
75339244,NO,1.0
75339765,GB,0.2857142857142857
75339765,NO,0.14285714285714285
75339765,SE,0.5714285714285714
75362480,NO,1.0
75377335,GB,0.6666666666666666
75377335,NO,0.3333333333333333
75377362,FI,0.2
75377362,GB,0.2
75377362,NO,0.6
75377376,NO,1.0
75377393,NO,1.0
75382704,CA,0.1111111111111111
75382704,FR,0.1111111111111111
75382704,NL,0.1111111111111111
75382704,NO,0.2222222222222222
75382704,US,0.4444444444444444
75382722,NO,1.0
75396825,DE,0.1111111111111111
75396825,FR,0.4444444444444444
75396825,GB,0.2222222222222222
75396825,GE,0.1111111111111111
75396825,NO,0.1111111111111111
75426600,NO,0.6666666666666666
75426600,US,0.3333333333333333
75438700,NO,1.0
75439421,NO,1.0
75472491,GB,0.3333333333333333
75472491,NO,0.6666666666666666
75472510,NO,1.0
75472546,GB,0.3333333333333333
75472546,NO,0.6666666666666666
75472617,NO,1.0
75538815,NO,1.0
75539309,NO,1.0
75539316,DE,0.25
75539316,NO,0.75
75562632,NO,1.0
75562667,NO,1.0
75623186,NO,1.0
75623223,NO,1.0
75625504,NO,1.0
75625514,FR,0.25
75625514,NO,0.75
75659951,FR,0.5
75659951,NO,0.5
75674697,CH,0.14285714285714285
75674697,IN,0.2857142857142857
75674697,NO,0.14285714285714285
75674697,SE,0.42857142857142855
75674910,NO,1.0
75689863,NO,1.0
75689873,NO,1.0
75689899,NO,1.0
75689964,NO,1.0
75715502,NO,0.75
75715502,US,0.25
75728774,FR,0.25
75728774,NO,0.75
75783488,GB,0.16666666666666666
75783488,NO,0.8333333333333334
75783518,NO,1.0
75783519,CN,0.2
75783519,GB,0.2
75783519,IT,0.2
75783519,NO,0.2
75783519,SE,0.2
75783537,NO,1.0
75783587,NO,1.0
75783629,NO,1.0
75783680,GB,0.25
75783680,NO,0.5
75783680,SE,0.25
75783683,NO,1.0
75783685,NO,1.0
75783691,NO,1.0
75783718,NO,1.0
75783725,GB,0.3333333333333333
75783725,NO,0.6666666666666666
75783800,NO,1.0
75825423,DE,0.75
75825423,NO,0.25
75825573,DE,0.5
75825573,IE,0.25
75825573,NO,0.25
75847370,US,1.0
75848552,NO,1.0
75870604,NO,1.0
75883629,NO,0.75
75883629,SE,0.25
75883646,NO,1.0
75904848,FR,0.3333333333333333
75904848,NO,0.3333333333333333
75904848,SE,0.3333333333333333
75908967,NO,0.2
75908967,US,0.8
75912126,NO,1.0
75919357,CH,0.6666666666666666
75919357,NO,0.3333333333333333
75936799,NO,1.0
75949464,NO,1.0
75973750,NO,0.5
75973750,US,0.5
75973754,NO,0.16666666666666666
75973754,US,0.8333333333333334
75981711,NO,0.75
75981711,US,0.25
76011774,NO,1.0
76011945,NO,1.0
76034738,FR,0.6666666666666666
76034738,NO,0.3333333333333333
76059662,NO,1.0
76059759,BE,0.25
76059759,FR,0.25
76059759,IT,0.25
76059759,NO,0.25
76137930,NL,0.3333333333333333
76137930,NO,0.6666666666666666
76159982,NO,1.0
76180995,DE,0.2
76180995,NO,0.6
76180995,US,0.2
76193425,GB,0.5384615384615384
76193425,NO,0.3076923076923077
76193425,US,0.15384615384615385
76193586,NO,1.0
76193594,NO,1.0
76193597,NO,1.0
76209574,NO,0.14285714285714285
76209574,US,0.8571428571428571
76250126,NO,0.8
76250126,SE,0.2
76270135,NO,1.0
76283662,AE,0.3333333333333333
76283662,GB,0.3333333333333333
76283662,NO,0.3333333333333333
76300982,NO,1.0
76300986,NO,1.0
76301108,NO,1.0
76301163,NO,1.0
76305733,US,1.0
76330563,NO,1.0
76355408,FR,0.25
76355408,NO,0.75
76374946,NO,0.3076923076923077
76374946,SE,0.6923076923076923
76377591,GB,0.2
76377591,NO,0.8
76377767,GB,0.16666666666666666
76377767,NO,0.8333333333333334
76377794,FI,0.4
76377794,NO,0.4
76377794,PL,0.2
76377826,DE,0.5
76377826,DK,0.16666666666666666
76377826,NO,0.3333333333333333
76377835,NO,1.0
76444299,BE,0.25
76444299,FR,0.5
76444299,NO,0.25
76444469,NO,1.0
76444519,NO,1.0
76466258,CN,0.8
76466258,NO,0.2
76477919,NO,1.0
76483011,NO,1.0
76550530,NO,1.0
76550579,CA,0.16666666666666666
76550579,DE,0.16666666666666666
76550579,NO,0.6666666666666666
76550616,FI,0.6666666666666666
76550616,NO,0.3333333333333333
76584298,BE,0.5
76584298,NO,0.5
76584374,CH,0.2
76584374,DE,0.2
76584374,NO,0.4
76584374,SE,0.2
76584439,AU,0.5
76584439,FI,0.25
76584439,NO,0.25
76601109,DE,0.5
76601109,NO,0.5
76637588,NO,1.0
76637601,NO,1.0
76637645,NO,1.0
76637646,NO,1.0
76637655,NO,1.0
76637657,NO,1.0
76637704,NO,1.0
76637728,NO,1.0
76637801,NO,1.0
76641593,DE,0.75
76641593,NO,0.25
76695500,NO,1.0
76695631,NO,1.0
76708070,NO,1.0
76708403,MT,0.3333333333333333
76708403,NO,0.6666666666666666
76730389,NO,1.0
76730434,NO,1.0
76741374,NO,0.5
76741374,US,0.5
76741396,NO,1.0
76741427,NO,1.0
76741467,DE,0.5
76741467,NO,0.5
76838897,NO,1.0
76838915,GB,0.8
76838915,NO,0.2
76838922,NO,1.0
76845166,FR,0.5
76845166,NO,0.5
76857946,NO,0.25
76857946,US,0.75
76885259,CN,0.6666666666666666
76885259,NO,0.3333333333333333
76891089,GB,0.2
76891089,NO,0.4
76891089,SE,0.4
76920719,FR,0.5
76920719,NO,0.5
76954388,NO,1.0
76954389,CH,0.25
76954389,NO,0.75
76954449,GB,0.6666666666666666
76954449,NO,0.3333333333333333
76954450,GB,0.7647058823529411
76954450,NO,0.23529411764705882
76954485,GB,0.5
76954485,NO,0.5
76954503,GB,0.2
76954503,NO,0.8
76954594,NO,1.0
76954617,DE,0.09090909090909091
76954617,GB,0.09090909090909091
76954617,NL,0.18181818181818182
76954617,NO,0.6363636363636364
76971173,CA,0.09090909090909091
76971173,FR,0.09090909090909091
76971173,NL,0.09090909090909091
76971173,NO,0.09090909090909091
76971173,US,0.6363636363636364
76971972,NO,1.0
76991849,NO,1.0
77050617,NO,1.0
77050622,NO,1.0
77050633,NO,1.0
77050695,NO,1.0
77071212,BE,0.3333333333333333
77071212,BR,0.3333333333333333
77071212,NO,0.3333333333333333
77071449,NO,1.0
77079065,NO,1.0
77079069,NO,1.0
77179460,NO,1.0
77179462,NO,1.0
77179507,NO,1.0
77179511,NO,1.0
77179512,NO,1.0
77179513,NO,1.0
77179526,NO,1.0
77179545,NO,1.0
77179549,NO,1.0
77179554,NO,1.0
77179556,NO,1.0
77179640,DE,0.5
77179640,NO,0.5
77179875,NO,1.0
77180233,FR,0.5
77180233,NO,0.25
77180233,US,0.25
77226815,NO,1.0
77256845,NO,1.0
77265018,NO,1.0
77265171,NO,1.0
77272861,NO,0.45454545454545453
77272861,US,0.5454545454545454
77274384,BE,0.5
77274384,NO,0.5
77274422,NO,1.0
77274458,GB,0.25
77274458,NO,0.75
77274533,NO,1.0
77274569,GB,0.25
77274569,NO,0.75
77274601,NO,1.0
77338715,NO,1.0
77353786,NO,1.0
77353839,DE,0.5
77353839,NO,0.5
77353883,NO,1.0
77353905,NO,1.0
77353951,NO,1.0
77353982,NO,1.0
77354008,NO,1.0
77398385,NO,1.0
77443336,NO,1.0
77443404,NO,1.0
77491967,NO,1.0
77499721,BE,0.16666666666666666
77499721,NL,0.16666666666666666
77499721,NO,0.6666666666666666
77499725,BE,0.16666666666666666
77499725,NL,0.16666666666666666
77499725,NO,0.6666666666666666
77518971,AT,0.125
77518971,BE,0.25
77518971,DE,0.125
77518971,FR,0.125
77518971,IT,0.125
77518971,NL,0.125
77518971,NO,0.125
77519120,GB,0.8571428571428571
77519120,NO,0.14285714285714285
77520556,NO,0.8
77520556,US,0.2
77541101,NO,1.0
77541104,NO,1.0
77612538,DE,0.6
77612538,FI,0.2
77612538,NO,0.2
77651167,NO,1.0
77651224,DE,0.125
77651224,GB,0.125
77651224,NO,0.75
77651243,NO,1.0
77651247,GB,0.3333333333333333
77651247,NO,0.6666666666666666
77651258,FI,0.6666666666666666
77651258,NO,0.3333333333333333
77651352,NO,1.0
77651374,NO,1.0
77651385,NO,1.0
77651420,GB,0.3333333333333333
77651420,NO,0.6666666666666666
77666140,DE,0.5
77666140,NO,0.5
77666205,DE,0.5
77666205,NO,0.5
77666505,NO,1.0
77710542,BE,0.5
77710542,NO,0.5
77711177,FR,0.6666666666666666
77711177,NO,0.3333333333333333
77726425,FR,0.3333333333333333
77726425,NO,0.6666666666666666
77774823,FI,0.14285714285714285
77774823,NO,0.7142857142857143
77774823,SE,0.14285714285714285
77854452,NO,0.25
77854452,US,0.75
77859894,NO,1.0
77859955,NO,1.0
77860096,NO,1.0
77892622,NO,0.25
77892622,US,0.75
77913013,NO,1.0
77913930,BR,0.8
77913930,NO,0.2
77913965,AE,0.5
77913965,NO,0.5
77914010,NO,1.0
77930414,NO,1.0
77998908,FR,0.5
77998908,NO,0.5
77999706,NO,1.0
77999718,NO,1.0
77999728,FI,0.2
77999728,NO,0.8
78049496,NO,1.0
78049512,GB,0.6
78049512,NO,0.4
78076741,NO,1.0
78080235,DK,0.125
78080235,NO,0.875
78081604,CN,0.2
78081604,NO,0.4
78081604,US,0.4
78085476,NO,1.0
78085563,DK,0.125
78085563,NO,0.875
78086609,NO,1.0
78087017,NO,1.0
78114129,DK,0.6666666666666666
78114129,NO,0.3333333333333333
78149276,NO,1.0
78149310,NO,0.3333333333333333
78149310,US,0.6666666666666666
78149430,GB,0.25
78149430,NO,0.75
78179173,CH,0.16666666666666666
78179173,DK,0.6666666666666666
78179173,US,0.16666666666666666
78221932,CA,0.08333333333333333
78221932,FR,0.08333333333333333
78221932,NL,0.08333333333333333
78221932,NO,0.3333333333333333
78221932,US,0.4166666666666667
78269084,NO,1.0
78270297,NO,1.0
78292365,NO,1.0
78302707,NO,1.0
78333015,NO,1.0
78333016,NO,1.0
78373713,NO,1.0
78373715,NO,1.0
78399559,GB,0.3333333333333333
78399559,NO,0.6666666666666666
78399571,BE,0.4
78399571,NO,0.6
78399758,NO,1.0
78414448,AT,0.4
78414448,LI,0.2
78414448,NO,0.4
78414611,FR,0.25
78414611,NO,0.75
78463435,FR,0.3333333333333333
78463435,NO,0.6666666666666666
78497755,AE,0.5
78497755,NO,0.5
78497777,GB,0.3333333333333333
78497777,NO,0.6666666666666666
78497813,NO,1.0
78497950,NO,1.0
78500332,DE,0.5
78500332,NO,0.5
78500346,GB,0.3333333333333333
78500346,NL,0.3333333333333333
78500346,NO,0.3333333333333333
78513390,NO,0.5
78513390,US,0.5
78516554,NO,1.0
78516659,CH,0.125
78516659,NO,0.875
78617355,FR,0.6
78617355,NO,0.2
78617355,SE,0.2
78617356,FR,0.5
78617356,NO,0.5
78649093,DE,0.6666666666666666
78649093,NO,0.3333333333333333
78649209,CH,0.25
78649209,LI,0.25
78649209,NO,0.5
78705808,NO,0.6666666666666666
78705808,US,0.3333333333333333
78705841,NO,0.6666666666666666
78705841,US,0.3333333333333333
78708861,CA,0.14285714285714285
78708861,FR,0.5714285714285714
78708861,NO,0.14285714285714285
78708861,US,0.14285714285714285
78709263,BE,0.3333333333333333
78709263,NO,0.6666666666666666
78718372,NO,1.0
78718395,NO,1.0
78718412,GB,0.3333333333333333
78718412,NO,0.6666666666666666
78718558,GB,0.3333333333333333
78718558,NO,0.6666666666666666
78789715,JP,0.4
78789715,NL,0.2
78789715,NO,0.4
78805909,NO,1.0
78806108,GB,0.5
78806108,NO,0.5
78806113,CH,0.3333333333333333
78806113,NO,0.6666666666666666
78806135,NO,1.0
78806160,NO,1.0
78821899,FR,0.7
78821899,NO,0.3
78821953,DE,0.8571428571428571
78821953,NO,0.14285714285714285
78827798,CH,0.6666666666666666
78827798,NO,0.3333333333333333
78828452,NO,1.0
78828491,NO,1.0
78828508,AT,0.16666666666666666
78828508,DE,0.16666666666666666
78828508,NO,0.6666666666666666
78829376,NL,0.8
78829376,NO,0.2
78829634,NO,1.0
78830494,NO,1.0
78844779,BE,0.3333333333333333
78844779,FI,0.3333333333333333
78844779,NO,0.3333333333333333
78845056,CH,0.2
78845056,NO,0.8
78845442,DE,0.7142857142857143
78845442,FI,0.14285714285714285
78845442,NO,0.14285714285714285
78916582,NL,0.5
78916582,NO,0.5
78916886,DK,0.2
78916886,NO,0.2
78916886,SK,0.6
78918687,NO,1.0
79021166,NO,1.0
79024141,NO,1.0
79024688,NO,1.0
79025202,NO,1.0
79031502,GB,0.25
79031502,NO,0.5
79031502,US,0.25
79163444,NO,1.0
79163596,NO,1.0
79163604,NO,1.0
79163870,NO,1.0
79164762,US,1.0
79185385,NL,0.25
79185385,NO,0.25
79185385,US,0.5
79230963,NO,1.0
79268177,NO,1.0
79269732,NO,1.0
79270256,GB,0.3333333333333333
79270256,NO,0.6666666666666666
79270300,GB,0.6666666666666666
79270300,NO,0.3333333333333333
79281583,NO,1.0
79281589,NO,1.0
79281590,NO,1.0
79315553,GB,0.4
79315553,NO,0.2
79315553,US,0.4
79316739,FR,0.6
79316739,IT,0.2
79316739,NO,0.2
79316746,BE,0.2
79316746,NL,0.2
79316746,NO,0.6
79317178,NO,1.0
79553514,NO,1.0
79581195,CN,0.5
79581195,NO,0.5
79601546,BE,0.2
79601546,NL,0.2
79601546,NO,0.6
79687188,NO,1.0
79730606,NO,1.0
79730659,NO,1.0
79730672,NO,1.0
79731034,NO,1.0
79831506,FR,0.5
79831506,NO,0.5
80034802,CH,0.2
80034802,NO,0.8
80035224,NO,1.0
80038577,NO,1.0
80038616,NO,1.0
80038671,DE,0.5
80038671,NO,0.5
80038672,DE,0.5
80038672,NO,0.5
80050700,NO,1.0
80079945,NO,1.0
80079967,NO,1.0
80080023,NO,1.0
80080037,NO,1.0
80080041,NO,1.0
80080124,GB,0.3333333333333333
80080124,NO,0.6666666666666666
80080166,NO,1.0
80080167,NO,1.0
80080964,NO,1.0
80111909,NO,1.0
80113506,NO,1.0
80119235,NO,0.75
80119235,US,0.25
80121674,NO,1.0
80121700,NO,1.0
80121901,CH,0.2
80121901,NO,0.8
80121903,NO,1.0
80122004,NO,0.5
80122004,US,0.5
80122253,DK,0.3333333333333333
80122253,NO,0.6666666666666666
80122693,NO,0.5
80122693,NZ,0.5
80122851,NZ,0.5
80122851,US,0.5
80122911,NO,1.0
80168262,AT,0.25
80168262,NO,0.75
80218453,NO,1.0
80220033,NL,1.0
80222073,BE,0.6666666666666666
80222073,NO,0.3333333333333333
80222294,NO,1.0
80222521,NO,1.0
80223192,NO,0.8
80223192,US,0.2
80225387,FI,0.5
80225387,NO,0.5
80262672,NO,1.0
80444018,NO,1.0
80444549,NO,0.5
80444549,US,0.5
80445993,NO,1.0
80446150,DE,0.5
80446150,NO,0.5
80446273,GB,0.16666666666666666
80446273,NO,0.6666666666666666
80446273,US,0.16666666666666666
80446306,NO,0.1111111111111111
80446306,US,0.8888888888888888
80446439,NO,1.0
80446766,NO,1.0
80446976,NO,1.0
80447263,NO,1.0
80447825,NO,1.0
80448580,CH,0.3333333333333333
80448580,NO,0.6666666666666666
80448705,AE,0.25
80448705,DE,0.25
80448705,NO,0.5
80448973,NO,1.0
80449136,GB,0.5555555555555556
80449136,NZ,0.1111111111111111
80449136,SE,0.2222222222222222
80449136,US,0.1111111111111111
80461007,NO,1.0
80461111,NO,0.6666666666666666
80461111,US,0.3333333333333333
80461563,NO,0.8
80461563,US,0.2
80461592,NO,0.5
80461592,US,0.5
80461811,AE,0.4
80461811,CA,0.2
80461811,IN,0.2
80461811,NO,0.2
80595313,NO,1.0
80595314,DK,0.25
80595314,NO,0.75
80595389,NO,1.0
80621259,GB,0.3333333333333333
80621259,NO,0.6666666666666666
80623562,NO,0.25
80623562,US,0.75
80623632,NO,1.0
80623703,FR,0.3333333333333333
80623703,NO,0.6666666666666666
80623882,GB,0.25
80623882,NO,0.75
80623940,NO,1.0
80624064,NO,1.0
80624076,NO,1.0
80625048,NL,0.16666666666666666
80625048,NO,0.8333333333333334
80625087,NO,1.0
80625103,FR,0.3333333333333333
80625103,NO,0.6666666666666666
80625143,NO,1.0
80625357,NL,0.3333333333333333
80625357,NO,0.6666666666666666
80625417,NO,1.0
80625449,NO,1.0
80625517,NO,1.0
80625551,NO,1.0
80628538,BE,0.16666666666666666
80628538,NL,0.16666666666666666
80628538,NO,0.6666666666666666
80628716,BE,0.16666666666666666
80628716,NL,0.16666666666666666
80628716,NO,0.6666666666666666
80628750,NO,1.0
80678830,ES,1.0
80683048,NO,1.0
80683785,NO,0.5714285714285714
80683785,SA,0.2857142857142857
80683785,US,0.14285714285714285
80685467,NO,1.0
80735848,FR,0.8571428571428571
80735848,NO,0.14285714285714285
80736019,CH,0.3333333333333333
80736019,NO,0.6666666666666666
80736087,FI,0.16666666666666666
80736087,NO,0.3333333333333333
80736087,US,0.5
80736130,DE,0.2
80736130,FR,0.2
80736130,NO,0.6
80738728,DE,0.3333333333333333
80738728,GB,0.3333333333333333
80738728,NO,0.3333333333333333
80738910,NO,1.0
80775086,NO,1.0
80775339,IN,0.5
80775339,NO,0.5
80780637,GB,0.3333333333333333
80780637,NO,0.6666666666666666
80780783,NO,1.0
80780861,CZ,0.14285714285714285
80780861,NO,0.8571428571428571
80780933,NO,0.6666666666666666
80780933,SE,0.3333333333333333
80780983,NO,0.5
80780983,US,0.5
80785110,NO,1.0
80785158,AU,0.16666666666666666
80785158,NO,0.8333333333333334
80785278,NO,1.0
80786602,NO,0.5
80786602,US,0.5
80786614,NO,1.0
80786739,NO,1.0
80786896,MT,0.3333333333333333
80786896,NO,0.6666666666666666
80820274,BE,0.2
80820274,NL,0.2
80820274,NO,0.6
80820305,NO,1.0
80820747,GB,0.25
80820747,NO,0.75
80820780,GB,0.6666666666666666
80820780,NO,0.3333333333333333
80820867,NO,1.0
80820998,GB,0.6666666666666666
80820998,NO,0.3333333333333333
80857203,NO,1.0
80928957,ES,0.5
80928957,NL,0.3333333333333333
80928957,NO,0.16666666666666666
80930375,NO,1.0
80930421,NO,0.3333333333333333
80930421,US,0.6666666666666666
80930561,KR,0.25
80930561,NO,0.5
80930561,SE,0.25
80933274,NO,1.0
80933418,NO,1.0
80933436,NO,1.0
80933547,NO,0.8333333333333334
80933547,US,0.16666666666666666
80933596,NO,1.0
80933917,NO,1.0
80934430,NO,1.0
80934697,FI,0.75
80934697,NO,0.25
80937060,NO,1.0
80937099,NO,1.0
80937213,NO,0.5714285714285714
80937213,SA,0.2857142857142857
80937213,US,0.14285714285714285
80937236,US,1.0
80952372,NO,1.0
80952377,US,1.0
80952480,NO,1.0
80978742,NO,1.0
80979061,NO,1.0
80998308,NO,1.0
81074028,NO,1.0
81074053,FI,0.6666666666666666
81074053,NO,0.3333333333333333
81074071,FR,0.5
81074071,NO,0.5
81074345,NO,1.0
81075476,NO,1.0
81075510,NO,1.0
81075561,NO,1.0
81075570,NO,1.0
81075575,NO,1.0
81075749,DK,0.4
81075749,NO,0.6
81175289,NO,1.0
81206887,NO,1.0
81210399,NO,0.16666666666666666
81210399,US,0.8333333333333334
81213607,NO,0.6666666666666666
81213607,SE,0.3333333333333333
81214495,NO,1.0
81254777,GB,0.6666666666666666
81254777,NO,0.3333333333333333
81254791,NO,0.5
81254791,US,0.5
81254903,NO,1.0
81254906,NO,1.0
81254952,NO,1.0
81306665,NO,1.0
81306788,NO,1.0
81306981,NO,1.0
81307288,FR,0.3333333333333333
81307288,NO,0.6666666666666666
81307311,NO,1.0
81307324,FR,0.3333333333333333
81307324,NO,0.6666666666666666
81307492,CH,0.5
81307492,NO,0.5
81308050,BE,0.5
81308050,NO,0.5
81308176,NO,1.0
81308272,DE,0.14285714285714285
81308272,NO,0.8571428571428571
81308553,NO,1.0
81308594,DE,0.25
81308594,NO,0.75
81324982,NO,1.0
81325430,NO,1.0
81325431,NO,0.5
81325431,RU,0.5
81325566,NO,1.0
81325759,NO,1.0
81326046,DE,0.75
81326046,NO,0.25
81326128,NO,1.0
81326488,NO,1.0
81326591,FI,0.16666666666666666
81326591,IT,0.16666666666666666
81326591,NO,0.16666666666666666
81326591,US,0.5
81326879,NO,1.0
81327303,GB,0.75
81327303,NO,0.25
81327653,NO,1.0
81328115,US,1.0
81328199,NO,1.0
81328200,NO,1.0
81344328,NO,1.0
81344337,NO,1.0
81344483,NO,0.3333333333333333
81344483,US,0.6666666666666666
81344503,NO,1.0
81344859,GB,0.6666666666666666
81344859,NO,0.3333333333333333
81344898,GB,0.6666666666666666
81344898,NO,0.3333333333333333
81346368,NO,1.0
81346577,NO,1.0
81380893,GB,0.14285714285714285
81380893,NO,0.8571428571428571
81384634,NO,0.25
81384634,US,0.75
81384760,NO,1.0
81384781,FI,0.75
81384781,NO,0.25
81385111,NO,0.3333333333333333
81385111,SE,0.6666666666666666
81386561,IN,0.2
81386561,US,0.8
81386647,NO,1.0
81386668,NO,1.0
81386760,DE,0.5
81386760,NO,0.5
81387099,NO,1.0
81388934,FR,0.2
81388934,NO,0.8
81388984,NO,0.7857142857142857
81388984,US,0.21428571428571427
81389003,NO,0.2
81389003,US,0.8
81389076,NO,0.25
81389076,US,0.75
81389079,FR,0.125
81389079,NO,0.875
81393173,NO,1.0
81448479,NO,0.6
81448479,SG,0.4
81448632,US,1.0
81448725,NO,1.0
81448775,NO,1.0
81448897,NO,1.0
81449275,GB,0.6666666666666666
81449275,NO,0.3333333333333333
81449402,NO,1.0
81454746,CH,0.25
81454746,NO,0.25
81454746,SE,0.5
81579630,IT,0.25
81579630,NZ,0.5
81579630,US,0.25
81579635,NO,1.0
81580154,NO,1.0
81580233,NO,1.0
81580270,NO,1.0
81580295,NO,1.0
81580517,NO,1.0
81580604,NO,1.0
81580827,FR,0.3333333333333333
81580827,NO,0.3333333333333333
81580827,SE,0.3333333333333333
81580920,NO,1.0
81581049,FR,0.3333333333333333
81581049,NO,0.3333333333333333
81581049,SE,0.3333333333333333
81581143,FR,0.3333333333333333
81581143,NO,0.3333333333333333
81581143,SE,0.3333333333333333
81581549,NO,1.0
81585230,NO,1.0
81585277,NO,1.0
81585445,NO,1.0
81585564,NO,1.0
81587255,NO,1.0
81588616,NO,1.0
81588790,NO,1.0
81595818,NO,1.0
81595823,FR,0.3333333333333333
81595823,NO,0.6666666666666666
81597845,NO,1.0
81597914,NO,1.0
81598064,NO,1.0
81603506,NO,1.0
81603615,NO,1.0
81603727,NO,1.0
81603820,NO,1.0
81648083,GB,0.3333333333333333
81648083,NO,0.6666666666666666
81648377,CA,0.5
81648377,GB,0.25
81648377,NO,0.125
81648377,US,0.125
81648668,NO,1.0
81648712,NO,0.16666666666666666
81648712,PL,0.16666666666666666
81648712,US,0.6666666666666666
81648753,NO,1.0
81648756,US,1.0
81653119,NO,1.0
81653470,NO,1.0
81653638,FI,0.3333333333333333
81653638,NO,0.6666666666666666
81654569,CA,0.5
81654569,NO,0.25
81654569,US,0.25
81654639,FR,0.25
81654639,NO,0.75
81654666,NO,0.2
81654666,SE,0.8
81654701,LT,0.5
81654701,NO,0.5
81654754,NO,0.14285714285714285
81654754,US,0.8571428571428571
81654963,FI,0.3333333333333333
81654963,NO,0.6666666666666666
81656899,NO,1.0
81658941,NO,1.0
81722278,NO,1.0
81748288,NO,1.0
81748332,NO,1.0
81748534,DE,0.5
81748534,NO,0.5
81748566,GB,0.25
81748566,NO,0.75
81748742,BR,0.7777777777777778
81748742,FR,0.1111111111111111
81748742,NO,0.1111111111111111
81748770,US,1.0
81748833,NO,1.0
81750372,NO,1.0
81750431,IN,0.6666666666666666
81750431,NO,0.3333333333333333
81750644,NO,0.6
81750644,SK,0.4
81755416,NO,1.0
81841920,FR,0.25
81841920,NO,0.75
81841971,NL,0.6666666666666666
81841971,NO,0.3333333333333333
81842114,DE,0.6
81842114,GB,0.2
81842114,NO,0.2
81846492,DE,0.5
81846492,NO,0.5
81850269,NO,1.0
81850423,NO,1.0
81850937,DE,0.5
81850937,NO,0.5
81851058,NO,1.0
81851424,NO,1.0
81851786,FR,1.0
81851951,BN,0.2
81851951,NO,0.6
81851951,US,0.2
81851961,CH,0.5
81851961,NO,0.5
81852021,GB,0.2
81852021,NO,0.8
81854365,NO,0.5
81854365,PL,0.5
81854429,IN,0.5
81854429,NO,0.5
81854511,KR,0.25
81854511,NO,0.5
81854511,SE,0.25
81854561,KR,0.25
81854561,NO,0.5
81854561,SE,0.25
81927810,FR,0.6666666666666666
81927810,NO,0.3333333333333333
81940399,NO,1.0
81940532,US,1.0
81940685,FI,0.4117647058823529
81940685,NO,0.5882352941176471
81940740,ES,0.42857142857142855
81940740,NL,0.42857142857142855
81940740,NO,0.14285714285714285
81940992,CH,0.25
81940992,NO,0.75
81941029,NO,1.0
81941056,NO,1.0
81941057,NO,1.0
81941183,NO,1.0
81942679,NO,0.25
81942679,US,0.75
81943752,NO,0.6
81943752,US,0.4
81943850,NO,1.0
81943853,FI,0.5
81943853,NO,0.5
81943896,NO,1.0
81943952,NO,1.0
81975344,NO,0.3333333333333333
81975344,RO,0.6666666666666666
81975363,NO,1.0
81975364,NO,1.0
81984568,NO,1.0
82016277,NO,1.0
82016278,NO,1.0
82016296,NO,1.0
82016317,NO,1.0
82016364,NO,1.0
82016518,NO,1.0
82016537,NO,1.0
82016557,NO,1.0
82016574,NO,1.0
82016579,NO,1.0
82016622,NO,0.3333333333333333
82016622,SE,0.6666666666666666
82019174,NO,1.0
82019386,IR,0.5
82019386,NO,0.5
82019693,NO,1.0
82019888,NO,1.0
82020037,FR,0.3333333333333333
82020037,NO,0.3333333333333333
82020037,SG,0.3333333333333333
82020091,NO,1.0
82020136,NO,1.0
82020824,NO,1.0
82020967,GB,0.75
82020967,NO,0.25
82021181,NO,0.5
82021181,US,0.5
82023435,NO,1.0
82024111,NO,1.0
82058188,NO,1.0
82058243,NO,1.0
82058327,NO,0.4
82058327,SE,0.2
82058327,US,0.4
82058424,NO,0.4
82058424,SE,0.2
82058424,US,0.4
82058491,NO,1.0
82067491,NO,1.0
82067531,NO,1.0
82100296,NO,0.5
82100296,US,0.5
82100506,NO,1.0
82100708,NO,1.0
82115495,NO,1.0
82115521,NO,1.0
82115566,NO,1.0
82115571,NO,1.0
82115682,NO,0.4
82115682,SE,0.4
82115682,US,0.2
82115838,NO,1.0
82115841,NO,1.0
82117078,BE,0.3333333333333333
82117078,NL,0.3333333333333333
82117078,NO,0.3333333333333333
82117223,NO,0.75
82117223,US,0.25
82117448,DK,0.45454545454545453
82117448,NO,0.09090909090909091
82117448,US,0.45454545454545453
82117604,NO,1.0
82156126,NO,1.0
82156162,GB,0.25
82156162,NO,0.75
82156174,NO,1.0
82156199,NO,1.0
82156204,NO,1.0
82156385,DK,0.5
82156385,NO,0.5
82156720,FR,0.5
82156720,NO,0.5
82163351,NO,1.0
82163379,NO,1.0
82196722,JP,0.3333333333333333
82196722,NO,0.6666666666666666
82199329,DE,0.5
82199329,NO,0.5
82199334,DE,0.5
82199334,NO,0.5
82199505,NO,1.0
82214228,CH,0.3333333333333333
82214228,NO,0.6666666666666666
82214350,JP,0.3333333333333333
82214350,NO,0.6666666666666666
82220583,NO,1.0
82220654,NO,1.0
82258190,DK,0.5
82258190,NO,0.5
82258192,NO,1.0
82258236,DK,0.5
82258236,NO,0.5
82258334,NO,1.0
82258572,NO,1.0
82270634,NO,1.0
82270661,NO,0.8571428571428571
82270661,US,0.14285714285714285
82270675,NO,1.0
82308501,NO,1.0
82319609,LV,0.5
82319609,NO,0.5
82319840,NO,1.0
82319860,NL,0.3333333333333333
82319860,NO,0.6666666666666666
82320063,NO,1.0
82321313,NO,1.0
82321401,NO,1.0
82321424,NO,0.25
82321424,US,0.75
82321568,NO,1.0
82324047,GB,0.2
82324047,NO,0.8
82324131,NO,1.0
82357374,NO,1.0
82357377,NO,1.0
82357379,NO,1.0
82357385,NO,1.0
82357393,NO,1.0
82357398,NO,1.0
82358432,NO,1.0
82358531,NO,1.0
82358547,NO,1.0
82358646,NO,1.0
82361296,NO,1.0
82385593,NO,1.0
82399210,NO,1.0
82399406,DE,0.2
82399406,NO,0.8
82399667,NO,1.0
82399708,NO,1.0
82403410,NL,0.34782608695652173
82403410,NO,0.043478260869565216
82403410,SE,0.6086956521739131
82404009,NO,1.0
82404066,NO,1.0
82404145,NO,0.75
82404145,SE,0.25
82404235,NO,1.0
82404265,NO,0.5
82404265,US,0.5
82404571,NO,1.0
82448702,GB,0.25
82448702,NO,0.5
82448702,US,0.25
82482532,NO,0.6666666666666666
82482532,US,0.3333333333333333
82482895,NO,1.0
82483026,NO,1.0
82483094,NL,0.3333333333333333
82483094,NO,0.6666666666666666
82483540,BE,0.16666666666666666
82483540,ES,0.25
82483540,FR,0.3333333333333333
82483540,NO,0.08333333333333333
82483540,PL,0.16666666666666666
82492391,NO,1.0
82492426,NO,1.0
82492556,NO,1.0
82492654,NO,1.0
82492832,DE,0.2
82492832,NO,0.4
82492832,US,0.4
82492867,CN,0.5
82492867,NO,0.5
82493530,DE,0.5
82493530,NO,0.5
82493863,NO,1.0
82494071,NO,1.0
82495684,NO,1.0
82495692,NO,1.0
82496202,FI,0.25
82496202,GB,0.25
82496202,NO,0.5
82496277,NO,1.0
82546990,NO,1.0
82547539,BE,0.6666666666666666
82547539,NO,0.3333333333333333
82548462,NO,1.0
82548970,NO,1.0
82549023,NO,1.0
82557899,NO,0.75
82557899,SE,0.25
82594784,NO,1.0
82594970,NO,1.0
82595230,NO,1.0
82608433,NO,1.0
82608516,NO,1.0
82611111,NO,1.0
82653737,NO,1.0
82653738,NO,1.0
82653740,NO,1.0
82654901,CA,0.2
82654901,FR,0.2
82654901,IN,0.2
82654901,NL,0.2
82654901,US,0.2
82655098,NO,1.0
82655111,NO,1.0
82655150,NO,1.0
82655181,NO,1.0
82693795,NO,1.0
82693796,NO,1.0
82693870,NO,1.0
82693949,NO,1.0
82701768,CH,0.2
82701768,NO,0.2
82701768,SE,0.6
82701928,DE,0.5
82701928,NO,0.5
82701991,NO,1.0
82702943,NO,1.0
82703084,NO,1.0
82704521,GB,0.2
82704521,NO,0.6
82704521,US,0.2
82705247,BR,0.8
82705247,NO,0.2
82705269,NO,1.0
82705338,NO,1.0
82705339,NO,1.0
82705483,BR,0.8
82705483,NO,0.2
82705570,NO,1.0
82741651,NO,1.0
82741657,NO,1.0
82741702,AE,0.5
82741702,CA,0.08333333333333333
82741702,FR,0.08333333333333333
82741702,IT,0.08333333333333333
82741702,NL,0.08333333333333333
82741702,NO,0.08333333333333333
82741702,US,0.08333333333333333
82748122,NO,0.5
82748122,US,0.5
82780826,NL,1.0
82781111,NO,1.0
82786642,NO,1.0
82802511,NO,1.0
82802634,NO,1.0
82802653,NO,1.0
82838017,NO,0.75
82838017,US,0.25
82838019,NO,1.0
82838024,NO,1.0
82838128,DK,0.75
82838128,NO,0.25
82838980,NO,1.0
82839251,CH,1.0
82846144,FR,0.2
82846144,NO,0.8
82846310,NO,1.0
82846328,FR,0.3333333333333333
82846328,GB,0.3333333333333333
82846328,NO,0.3333333333333333
82850657,NO,1.0
82851645,NO,1.0
82851717,NO,1.0
82898868,NO,0.5
82898868,SE,0.5
82899025,NO,1.0
82899372,NO,1.0
82900535,US,1.0
82900631,FI,0.5
82900631,NO,0.5
82931537,NO,1.0
82931542,NO,1.0
82931551,NO,1.0
82932396,NO,1.0
82932514,NO,1.0
82932766,NO,1.0
82939746,BE,0.2
82939746,FR,0.2
82939746,IT,0.4
82939746,NO,0.2
82939922,NO,1.0
82940046,NO,1.0
82942524,CN,0.375
82942524,GB,0.125
82942524,NO,0.125
82942524,US,0.375
83004587,CH,0.5
83004587,NO,0.5
83004735,FR,0.25
83004735,NO,0.75
83004832,NO,1.0
83046391,NO,1.0
83048370,NO,1.0
83048398,NO,1.0
83048400,NO,1.0
83048401,NO,1.0
83050003,NO,0.3333333333333333
83050003,US,0.6666666666666666
83059139,NO,1.0
83081607,NO,1.0
83115333,FR,0.3333333333333333
83115333,NO,0.6666666666666666
83115363,DE,0.6666666666666666
83115363,NO,0.3333333333333333
83115512,BE,0.16666666666666666
83115512,NL,0.16666666666666666
83115512,NO,0.6666666666666666
83116964,US,1.0
83149127,NO,1.0
83149261,NO,0.5
83149261,US,0.5
83149420,NO,1.0
83151683,NO,1.0
83151773,DE,0.3333333333333333
83151773,NO,0.6666666666666666
83154365,NO,1.0
83154371,NO,1.0
83154375,NO,1.0
83154376,NO,1.0
83188077,AU,0.5
83188077,NO,0.5
83188283,NO,1.0
83189239,MC,0.3333333333333333
83189239,NO,0.6666666666666666
83191828,ES,0.42857142857142855
83191828,NL,0.42857142857142855
83191828,NO,0.14285714285714285
83191856,NO,1.0
83191952,NO,1.0
83191999,GB,0.2857142857142857
83191999,NO,0.7142857142857143
83193207,FR,0.3333333333333333
83193207,NO,0.6666666666666666
83193232,FR,0.5
83193232,NO,0.5
83193236,GB,0.3333333333333333
83193236,NO,0.6666666666666666
83193274,FR,0.5
83193274,NO,0.5
83193330,NO,1.0
83193362,CA,0.5
83193362,NO,0.16666666666666666
83193362,US,0.3333333333333333
83193536,FR,0.3333333333333333
83193536,NO,0.6666666666666666
83193543,NO,1.0
83193627,FR,0.25
83193627,NO,0.75
83226352,DK,0.5
83226352,NO,0.5
83226950,NO,1.0
83226953,NO,1.0
83226956,NO,1.0
83227280,CA,0.2
83227280,FR,0.2
83227280,NL,0.2
83227280,NO,0.2
83227280,US,0.2
83228860,NO,1.0
83232598,DE,0.5714285714285714
83232598,NO,0.42857142857142855
83232796,AU,0.5
83232796,NO,0.5
83265704,NO,1.0
83271101,DE,0.5714285714285714
83271101,NO,0.42857142857142855
83271154,DE,0.5714285714285714
83271154,NO,0.42857142857142855
83271166,KR,0.25
83271166,NO,0.5
83271166,SE,0.25
83271293,NO,1.0
83271346,NO,1.0
83271688,NO,1.0
83280286,BE,0.2
83280286,NL,0.2
83280286,NO,0.6
83280302,NO,1.0
83280424,NO,1.0
83280526,NO,1.0
83280530,BE,0.16666666666666666
83280530,NL,0.16666666666666666
83280530,NO,0.6666666666666666
83283103,NO,1.0
83283191,BE,0.2
83283191,NL,0.2
83283191,NO,0.6
83285501,NO,1.0
83318880,NO,1.0
83318908,AU,0.5
83318908,NO,0.5
83318998,AU,0.5
83318998,NO,0.5
83321527,NO,1.0
83322546,NL,0.3333333333333333
83322546,NO,0.6666666666666666
83355291,NO,0.8
83355291,US,0.2
83355415,NO,1.0
83355527,CH,0.25
83355527,NO,0.75
83355801,NO,1.0
83360893,NO,1.0
83361042,NO,1.0
83361222,NO,1.0
83361320,NO,1.0
83363180,US,1.0
83363246,US,1.0
83364984,FI,0.5
83364984,NO,0.5
83380825,NO,1.0
83395966,NO,1.0
83395979,NO,1.0
83396100,CA,0.125
83396100,FR,0.125
83396100,NL,0.125
83396100,NO,0.375
83396100,RO,0.125
83396100,US,0.125
83398157,NO,1.0
83398304,NO,1.0
83398425,NO,1.0
83398476,NO,1.0
83400691,NO,1.0
83400834,NO,1.0
83401951,NO,1.0
83438284,NO,1.0
83440063,NO,1.0
83440072,NO,1.0
83447795,US,1.0
83457483,NO,1.0
83459741,NO,1.0
83505504,CA,0.8
83505504,NO,0.2
83506257,NO,1.0
83507570,ES,0.07692307692307693
83507570,GB,0.07692307692307693
83507570,GR,0.38461538461538464
83507570,NO,0.46153846153846156
83508729,CH,0.125
83508729,NO,0.875
83545728,NO,0.6666666666666666
83545728,US,0.3333333333333333
83546808,NO,0.5
83546808,US,0.5
83558022,NO,1.0
83558072,NO,1.0
83558073,GB,0.2
83558073,NO,0.8
83558141,CA,0.2
83558141,CH,0.2
83558141,ES,0.2
83558141,NO,0.4
83558278,NO,1.0
83586993,NO,1.0
83594174,NO,1.0
83594243,BE,0.16666666666666666
83594243,FR,0.16666666666666666
83594243,NO,0.5
83594243,SE,0.16666666666666666
83598563,NO,1.0
83640899,NO,1.0
83640907,NO,1.0
83640917,NO,1.0
83657842,NO,1.0
83658162,NO,1.0
83688636,NO,1.0
83688643,NO,1.0
83689843,NO,0.5
83689843,SE,0.5
83690003,NO,1.0
83690083,IT,0.75
83690083,US,0.25
83691075,FI,0.14285714285714285
83691075,NO,0.7142857142857143
83691075,SE,0.14285714285714285
83691374,NO,1.0
83692955,NL,0.14285714285714285
83692955,NO,0.8571428571428571
83693055,NO,1.0
83693155,BE,0.6666666666666666
83693155,NO,0.3333333333333333
83693933,NO,0.25
83693933,SA,0.25
83693933,US,0.5
83722551,NO,1.0
83722553,NO,1.0
83722556,NO,1.0
83722557,NL,0.2222222222222222
83722557,NO,0.7777777777777778
83723140,FR,0.4
83723140,GB,0.2
83723140,NO,0.2
83723140,US,0.2
83808491,FI,0.5
83808491,NO,0.5
83838579,NO,1.0
83847140,NO,1.0
83847143,NO,1.0
83848905,GB,0.5
83848905,NO,0.5
83898077,NO,1.0
83898498,CH,0.25
83898498,ES,0.5
83898498,NO,0.25
83899371,AU,0.6666666666666666
83899371,US,0.3333333333333333
83901259,NO,0.6666666666666666
83901259,US,0.3333333333333333
83901590,NO,1.0
83902117,NO,1.0
83902160,NO,1.0
83902222,NO,1.0
83903271,NO,1.0
83903310,NO,0.875
83903310,US,0.125
83903326,DE,0.75
83903326,NO,0.25
83931627,NO,1.0
83931666,NO,0.2
83931666,US,0.8
83931679,FR,1.0
83931702,FR,0.3333333333333333
83931702,GB,0.3333333333333333
83931702,NO,0.3333333333333333
83931726,NO,1.0
83931742,NO,0.6666666666666666
83931742,US,0.3333333333333333
83931862,NO,1.0
83931874,NO,1.0
83932887,NO,1.0
83932889,NO,1.0
83932892,NO,1.0
83932969,NO,0.6
83932969,US,0.4
83933415,NO,1.0
83945106,NO,1.0
83945204,NO,1.0
83978610,NO,1.0
83994952,DK,0.8
83994952,NO,0.2
83995063,FR,0.6666666666666666
83995063,NO,0.3333333333333333
83995396,NO,1.0
83995521,GB,0.1111111111111111
83995521,NO,0.8888888888888888
83996555,DE,0.75
83996555,NO,0.25
83996643,FI,0.6666666666666666
83996643,NO,0.3333333333333333
83998677,NO,0.5
83998677,US,0.5
83999582,CA,0.14285714285714285
83999582,FR,0.14285714285714285
83999582,NL,0.14285714285714285
83999582,NO,0.14285714285714285
83999582,US,0.42857142857142855
84000344,NO,1.0
84028775,NO,1.0
84028781,NO,1.0
84044118,BE,0.3333333333333333
84044118,NO,0.6666666666666666
84044710,NO,1.0
84044871,NO,1.0
84045077,DE,0.3333333333333333
84045077,NO,0.6666666666666666
84045093,NL,0.8
84045093,NO,0.2
84045111,NO,1.0
84046074,NO,1.0
84047713,NO,0.5
84047713,SE,0.5
84047781,NO,1.0
84102990,AE,0.09090909090909091
84102990,BR,0.09090909090909091
84102990,CA,0.09090909090909091
84102990,CN,0.2727272727272727
84102990,FR,0.09090909090909091
84102990,GB,0.09090909090909091
84102990,NL,0.09090909090909091
84102990,NO,0.09090909090909091
84102990,US,0.09090909090909091
84103488,GB,0.25
84103488,NO,0.5
84103488,US,0.25
84110344,NO,1.0
84140688,NO,1.0
84140693,NO,1.0
84140711,NO,1.0
84140824,NO,0.3333333333333333
84140824,US,0.6666666666666666
84179481,NO,0.6666666666666666
84179481,US,0.3333333333333333
84195218,GB,0.5
84195218,NO,0.5
84195361,NO,1.0
84228310,FR,0.3333333333333333
84228310,NL,0.3333333333333333
84228310,NO,0.3333333333333333
84230281,FR,0.3333333333333333
84230281,NL,0.3333333333333333
84230281,NO,0.3333333333333333
84245750,NO,1.0
84245781,NO,1.0
84246047,AT,0.5
84246047,NO,0.5
84246126,NO,1.0
84285060,NO,1.0
84286009,US,1.0
84286076,NO,0.3333333333333333
84286076,US,0.6666666666666666
84322529,CA,0.5
84322529,NO,0.5
84323469,DM,0.3333333333333333
84323469,NO,0.6666666666666666
84323471,NO,1.0
84323472,NO,1.0
84323475,NO,1.0
84329537,NO,1.0
84329593,NO,1.0
84329957,NO,1.0
84330049,NO,1.0
84330198,FI,0.25
84330198,NO,0.5
84330198,US,0.25
84330392,NO,1.0
84330699,NO,1.0
84330726,NO,1.0
84330791,IN,0.7142857142857143
84330791,NO,0.14285714285714285
84330791,US,0.14285714285714285
84331088,NL,0.3333333333333333
84331088,NO,0.6666666666666666
84331622,NO,0.8571428571428571
84331622,US,0.14285714285714285
84331791,SE,1.0
84331882,NO,1.0
84332329,CN,0.25
84332329,NO,0.75
84358416,NO,1.0
84358440,BE,0.14285714285714285
84358440,FR,0.14285714285714285
84358440,IT,0.14285714285714285
84358440,NL,0.42857142857142855
84358440,NO,0.14285714285714285
84359663,NO,1.0
84359819,NO,1.0
84359885,NO,1.0
84360441,NO,1.0
84360637,GB,0.5
84360637,IE,0.25
84360637,NO,0.25
84360701,CH,0.3333333333333333
84360701,NO,0.6666666666666666
84361081,NO,1.0
84361120,NO,1.0
84361381,CH,0.3333333333333333
84361381,NO,0.6666666666666666
84361923,NO,1.0
84362063,NO,1.0
84362151,NO,1.0
84362155,NO,1.0
84362198,FR,0.3333333333333333
84362198,NO,0.6666666666666666
84362429,NO,1.0
84362446,GB,0.16666666666666666
84362446,NO,0.8333333333333334
84362527,NO,1.0
84362530,NO,1.0
84362609,NO,1.0
84363015,NO,1.0
84363227,NO,0.75
84363227,SE,0.25
84363675,NO,1.0
84363993,NO,1.0
84364003,NO,1.0
84365420,NO,0.5
84365420,US,0.5
84365428,NO,1.0
84365605,NO,1.0
84367351,NO,1.0
84367356,CA,0.2
84367356,DE,0.4
84367356,NO,0.2
84367356,US,0.2
84367489,GB,0.2
84367489,NO,0.8
84367565,DE,0.3333333333333333
84367565,NO,0.6666666666666666
84367579,DE,0.3333333333333333
84367579,IE,0.3333333333333333
84367579,NO,0.3333333333333333
84369636,NO,1.0
84370164,NO,1.0
84370645,NO,1.0
84370755,NO,1.0
84370827,NO,1.0
84387566,NO,0.5
84387566,US,0.5
84387811,NO,1.0
84387933,NO,0.5
84387933,US,0.5
84389249,NO,1.0
84389357,NO,1.0
84390937,NO,0.5
84390937,US,0.5
84421315,NO,1.0
84421414,GB,0.6
84421414,NO,0.2
84421414,PK,0.2
84421564,NO,0.6666666666666666
84421564,US,0.3333333333333333
84439873,NO,1.0
84440068,NO,1.0
84440101,NO,0.4444444444444444
84440101,PT,0.5555555555555556
84462687,NO,1.0
84463136,GB,0.5833333333333334
84463136,NO,0.4166666666666667
84487455,NO,1.0
84487475,NO,1.0
84487539,NO,1.0
84487816,NO,1.0
84488049,NO,1.0
84488816,NO,0.8571428571428571
84488816,US,0.14285714285714285
84519385,NO,1.0
84519503,NO,0.5
84519503,US,0.5
84519697,BE,0.5
84519697,NO,0.5
84519785,NO,1.0
84519860,NO,0.6666666666666666
84519860,PL,0.3333333333333333
84519954,NO,1.0
84526276,NO,1.0
84526278,NO,1.0
84526709,NO,0.2
84526709,US,0.8
84526777,GB,0.2
84526777,NO,0.6
84526777,US,0.2
84534580,NO,1.0
84534778,NO,0.6666666666666666
84534778,SE,0.3333333333333333
84534804,NO,1.0
84535741,NO,1.0
84535861,NO,1.0
84537126,DK,0.6
84537126,NO,0.4
84539872,GB,0.5
84539872,NO,0.5
84539966,NO,1.0
84540302,NO,1.0
84540471,NO,1.0
84540520,NO,1.0
84540558,NO,1.0
84540648,GB,0.42857142857142855
84540648,NO,0.14285714285714285
84540648,SE,0.42857142857142855
84540650,GB,0.42857142857142855
84540650,NO,0.14285714285714285
84540650,SE,0.42857142857142855
84540922,NO,1.0
84543084,GB,0.5
84543084,NO,0.5
84544681,NO,1.0
84544683,NO,1.0
84544684,NO,0.5
84544684,SE,0.5
84544814,NO,0.2222222222222222
84544814,US,0.7777777777777778
84544947,CA,0.14285714285714285
84544947,FR,0.2857142857142857
84544947,NL,0.14285714285714285
84544947,NO,0.14285714285714285
84544947,RO,0.14285714285714285
84544947,US,0.14285714285714285
84545910,CA,0.09090909090909091
84545910,FR,0.18181818181818182
84545910,NL,0.09090909090909091
84545910,NO,0.09090909090909091
84545910,US,0.5454545454545454
84545916,CA,0.09090909090909091
84545916,FR,0.18181818181818182
84545916,NL,0.09090909090909091
84545916,NO,0.09090909090909091
84545916,US,0.5454545454545454
84545920,CA,0.09090909090909091
84545920,FR,0.18181818181818182
84545920,NL,0.09090909090909091
84545920,NO,0.09090909090909091
84545920,US,0.5454545454545454
84546105,NO,1.0
84546136,NO,1.0
84546256,NO,0.6666666666666666
84546256,US,0.3333333333333333
84546481,NO,1.0
84546484,NO,1.0
84569226,NO,0.75
84569226,US,0.25
84602319,CH,0.16666666666666666
84602319,NO,0.8333333333333334
84602414,NO,1.0
84602637,FR,0.2
84602637,NO,0.4
84602637,SE,0.4
84688156,NO,1.0
84688256,NO,1.0
84688281,DK,0.5
84688281,NO,0.5
84688309,NO,1.0
84688325,NO,1.0
84689101,NO,1.0
84689242,NO,1.0
84689271,NO,1.0
84690703,CA,0.16666666666666666
84690703,FR,0.16666666666666666
84690703,GB,0.16666666666666666
84690703,NL,0.16666666666666666
84690703,NO,0.16666666666666666
84690703,US,0.16666666666666666
84691996,NO,1.0
84691998,NO,1.0
84692002,NO,1.0
84693268,NO,1.0
84766987,CH,0.25
84766987,NO,0.75
84767055,NL,0.3333333333333333
84767055,NO,0.6666666666666666
84767071,NO,1.0
84785196,NO,1.0
84799742,CH,0.5
84799742,NO,0.5
84799814,NO,1.0
84799967,NO,1.0
84801836,NO,1.0
84801839,NO,1.0
84801842,NO,1.0
84801849,NO,1.0
84801856,NO,1.0
84801858,NO,1.0
84801862,NO,1.0
84801870,NO,1.0
84801873,NO,1.0
84817389,NO,1.0
84817486,NO,1.0
84817708,GB,0.5
84817708,NO,0.3333333333333333
84817708,US,0.16666666666666666
84817850,NL,0.3333333333333333
84817850,NO,0.6666666666666666
84817856,NO,1.0
84818101,NO,1.0
84818401,GB,0.75
84818401,NO,0.25
84818426,GB,0.5
84818426,NO,0.5
84818454,NO,1.0
84818592,GB,0.3333333333333333
84818592,NO,0.6666666666666666
84819845,NO,1.0
84820400,NO,1.0
84829497,NO,0.25
84829497,US,0.75
84830110,NO,1.0
84830155,NO,1.0
84839735,NO,1.0
84839736,NO,1.0
84839738,NO,1.0
84839750,NO,1.0
84840046,NO,1.0
84887267,US,1.0
84887615,NL,0.5
84887615,NO,0.5
84887804,FR,0.25
84887804,NO,0.75
84888667,NO,0.25
84888667,US,0.75
84888767,US,1.0
84888782,NO,1.0
84888805,NO,1.0
84888843,NO,1.0
84889036,GB,0.3333333333333333
84889036,NO,0.6666666666666666
84889039,GB,0.4
84889039,NO,0.4
84889039,SE,0.2
84889064,NO,1.0
84889083,GB,0.2
84889083,NO,0.8
84889130,GB,0.2
84889130,NO,0.8
84889137,GB,0.75
84889137,NO,0.25
84889152,GB,0.2
84889152,NO,0.6
84889152,SE,0.2
84889179,NO,1.0
84889593,NO,1.0
84901273,FR,0.2
84901273,NO,0.8
84901362,NO,1.0
84901410,FR,0.3333333333333333
84901410,NO,0.6666666666666666
84901510,FR,0.25
84901510,NO,0.75
84901527,NO,1.0
84901591,NO,1.0
84901615,FR,0.5
84901615,NO,0.5
84901637,NO,1.0
84919565,NO,1.0
84919567,NO,1.0
84923264,BE,0.5
84923264,NO,0.5
84926255,NO,1.0
84926256,NO,1.0
84926480,NO,0.5
84926480,US,0.5
84926513,NO,1.0
84926627,NO,1.0
84943638,NO,1.0
84974607,NO,1.0
84974613,GB,0.3333333333333333
84974613,NO,0.6666666666666666
84974615,GB,0.75
84974615,NO,0.25
84974820,NO,1.0
84980529,CA,0.125
84980529,FR,0.125
84980529,NL,0.125
84980529,NO,0.125
84980529,US,0.5
84981147,NO,1.0
84981598,NO,1.0
84981702,NO,1.0
84982067,NO,1.0
84982303,NO,1.0
84982579,NO,1.0
85017752,NO,0.5
85017752,US,0.5
85017831,NO,1.0
85018008,NO,1.0
85018269,FR,0.25
85018269,NO,0.5
85018269,SE,0.25
85018330,NO,1.0
85018420,FR,0.25
85018420,NO,0.5
85018420,SE,0.25
85018559,NO,1.0
85018814,NO,1.0
85019074,NO,1.0
85035973,NO,1.0
85035997,NO,1.0
85036040,NO,1.0
85036194,NO,1.0
85036446,NO,1.0
85036669,NO,1.0
85036672,NO,1.0
85036674,NO,1.0
85036833,NO,1.0
85038682,NO,1.0
85076022,NO,0.3333333333333333
85076022,US,0.6666666666666666
85076200,FR,0.8571428571428571
85076200,NO,0.14285714285714285
85076211,NO,1.0
85076336,US,1.0
85076447,FR,0.8571428571428571
85076447,NO,0.14285714285714285
85078622,NO,1.0
85085964,CA,0.8
85085964,NO,0.2
85087092,NO,1.0
85121924,NO,1.0
85129957,NO,1.0
85130174,NO,1.0
85130184,NO,1.0
85132921,DK,0.75
85132921,NO,0.25
85150612,NO,1.0
85150688,NO,1.0
85155998,NO,1.0
85156004,IS,0.16666666666666666
85156004,NO,0.8333333333333334
85156037,NO,0.3333333333333333
85156037,SE,0.6666666666666666
85157210,NO,1.0
85157499,NO,1.0
85158924,NO,1.0
85160609,NO,1.0
85172699,FI,0.25
85172699,NO,0.5
85172699,US,0.25
85173073,NO,0.75
85173073,US,0.25
85174035,NO,0.8
85174035,US,0.2
85198830,NO,0.5
85198830,US,0.5
85199278,GR,0.16666666666666666
85199278,IN,0.3333333333333333
85199278,US,0.5
85200906,IS,0.16666666666666666
85200906,NO,0.8333333333333334
85200916,NO,1.0
85200918,NO,1.0
85202425,NO,1.0
85202426,NO,1.0
85221940,NO,0.8
85221940,US,0.2
85225044,NO,1.0
85225330,NO,1.0
85227406,NO,1.0
85229080,NO,1.0
85240839,NO,1.0
85240874,NO,1.0
85240955,CA,0.125
85240955,FR,0.125
85240955,GB,0.25
85240955,NL,0.125
85240955,NO,0.125
85240955,SG,0.125
85240955,US,0.125
85277957,NO,1.0
85278118,NO,1.0
85278251,NO,1.0
85278365,NO,0.5
85278365,US,0.5
85283804,NO,1.0
85284980,NO,0.5
85284980,SE,0.5
85285077,NO,0.4
85285077,SE,0.4
85285077,US,0.2
85285119,DE,0.3333333333333333
85285119,NO,0.6666666666666666
85285236,NO,1.0
85322024,NO,1.0
85322028,NO,1.0
85323219,CA,0.125
85323219,FR,0.125
85323219,NL,0.125
85323219,NO,0.125
85323219,US,0.5
85323226,CA,0.14285714285714285
85323226,FR,0.14285714285714285
85323226,NL,0.14285714285714285
85323226,NO,0.42857142857142855
85323226,US,0.14285714285714285
85328647,DE,0.047619047619047616
85328647,KE,0.047619047619047616
85328647,NO,0.8095238095238095
85328647,PL,0.047619047619047616
85328647,US,0.047619047619047616
85381234,NO,1.0
85381315,NO,1.0
85382708,NO,1.0
85383043,NO,1.0
85383049,US,1.0
85387134,NL,0.3333333333333333
85387134,NO,0.6666666666666666
85410101,NO,1.0
85410331,NO,1.0
85412976,NO,1.0
85415350,DE,0.3333333333333333
85415350,NO,0.6666666666666666
85461715,NO,0.5
85461715,SE,0.5
85476167,NO,1.0
85476261,NO,1.0
85476294,NO,1.0
85477925,NO,1.0
85478511,NO,0.6666666666666666
85478511,US,0.3333333333333333
85479528,GB,0.3333333333333333
85479528,NO,0.5
85479528,US,0.16666666666666666
85505422,NO,1.0
85506878,NO,1.0
85507075,NO,0.75
85507075,US,0.25
85507708,CA,0.16666666666666666
85507708,FR,0.16666666666666666
85507708,NL,0.16666666666666666
85507708,NO,0.3333333333333333
85507708,US,0.16666666666666666
85511085,NO,0.6666666666666666
85511085,RO,0.3333333333333333
85556810,IT,0.1111111111111111
85556810,NO,0.7777777777777778
85556810,US,0.1111111111111111
85572871,NO,1.0
85603314,NO,1.0
85603316,NO,1.0
85603422,CA,0.14285714285714285
85603422,FR,0.14285714285714285
85603422,NL,0.14285714285714285
85603422,NO,0.42857142857142855
85603422,US,0.14285714285714285
85603562,CA,0.14285714285714285
85603562,FR,0.2857142857142857
85603562,NL,0.14285714285714285
85603562,NO,0.14285714285714285
85603562,US,0.2857142857142857
85603566,CA,0.125
85603566,FR,0.25
85603566,NL,0.125
85603566,NO,0.125
85603566,US,0.375
85640846,NO,1.0
85641078,NO,1.0
85641807,NO,1.0
85641808,NO,1.0
85641809,AU,0.5
85641809,NO,0.5
85685392,NL,0.14285714285714285
85685392,NO,0.8571428571428571
85703617,NO,1.0
85703746,NO,1.0
85720995,NO,1.0
85721115,CA,0.16666666666666666
85721115,FR,0.16666666666666666
85721115,NL,0.16666666666666666
85721115,NO,0.3333333333333333
85721115,US,0.16666666666666666
85724679,NO,1.0
85724734,NO,1.0
85724873,NO,1.0
85727115,NO,1.0
85772061,NO,1.0
85772139,US,1.0
85772311,NO,1.0
85774431,NO,1.0
85783293,NO,1.0
85783296,NO,1.0
85783297,NO,1.0
85783304,NO,1.0
85792745,FI,0.5
85792745,NO,0.5
85792794,NO,1.0
85796878,NO,1.0
85797205,NO,0.5
85797205,SE,0.5
85797536,NO,0.25
85797536,US,0.75
85797973,NO,0.6666666666666666
85797973,US,0.3333333333333333
85799539,FI,0.5
85799539,NO,0.5
85799567,NO,1.0
85800547,NO,1.0
85800760,NO,0.25
85800760,US,0.75
85800820,NO,1.0
85803672,IN,0.4444444444444444
85803672,NO,0.3333333333333333
85803672,US,0.2222222222222222
85804561,NO,1.0
85804741,NO,0.2
85804741,US,0.8
85936821,NO,1.0
85937021,NO,1.0
85937174,AT,0.5
85937174,NO,0.5
85937390,NO,1.0
85937644,DK,0.3333333333333333
85937644,NO,0.6666666666666666
85979675,NO,1.0
85979701,DE,0.25
85979701,NO,0.75
85979851,DE,0.25
85979851,NO,0.75
85980666,NO,1.0
85980716,NO,1.0
85982447,FI,0.25
85982447,NO,0.5
85982447,US,0.25
85982448,NO,1.0
85983027,NO,0.8571428571428571
85983027,US,0.14285714285714285
85985135,NO,1.0
85987613,NO,1.0
85987615,NO,1.0
85987618,NO,0.6666666666666666
85987618,SE,0.3333333333333333
85988852,NO,0.3333333333333333
85988852,US,0.6666666666666666
86008097,NO,1.0
86052143,NO,1.0
86055911,IN,0.6
86055911,NO,0.2
86055911,US,0.2
86057386,NO,0.5
86057386,US,0.5
86058436,NO,1.0
86058438,NO,1.0
86058443,NO,1.0
86058450,NO,1.0
86058491,NO,1.0
86058493,NO,1.0
86058507,NO,1.0
86059572,CA,0.14285714285714285
86059572,FR,0.14285714285714285
86059572,GB,0.2857142857142857
86059572,NL,0.14285714285714285
86059572,NO,0.14285714285714285
86059572,US,0.14285714285714285
86097364,NO,1.0
86097367,NO,1.0
86099929,NO,1.0
86100984,NO,1.0
86158454,CA,0.1111111111111111
86158454,FR,0.1111111111111111
86158454,IN,0.5555555555555556
86158454,NL,0.1111111111111111
86158454,US,0.1111111111111111
86160204,AU,0.3333333333333333
86160204,NO,0.6666666666666666
86185143,CA,0.2
86185143,CH,0.2
86185143,ES,0.2
86185143,NO,0.4
86185382,NO,1.0
86226439,NO,1.0
86226811,NO,1.0
86226845,NO,1.0
86229023,US,1.0
86229725,NO,0.3333333333333333
86229725,US,0.6666666666666666
86241453,AU,0.5
86241453,NO,0.5
86241480,NO,1.0
86241930,CA,0.14285714285714285
86241930,FR,0.14285714285714285
86241930,NL,0.14285714285714285
86241930,NO,0.42857142857142855
86241930,US,0.14285714285714285
86241986,CA,0.1111111111111111
86241986,FR,0.1111111111111111
86241986,GB,0.1111111111111111
86241986,IT,0.1111111111111111
86241986,NL,0.1111111111111111
86241986,NO,0.1111111111111111
86241986,US,0.3333333333333333
86272285,NO,1.0
86272477,NO,1.0
86282126,NO,1.0
86282729,NO,1.0
86285976,NO,0.6
86285976,US,0.4
86316315,FR,0.6666666666666666
86316315,NO,0.3333333333333333
86324252,US,1.0
86328850,NO,1.0
86329437,NO,1.0
86329647,NO,1.0
86329935,NO,1.0
86331818,NO,1.0
86332188,NO,1.0
86336484,NO,1.0
86336502,NO,1.0
86336511,NO,1.0
86336513,NO,1.0
86378268,NO,1.0
86382646,NO,1.0
86382684,NO,1.0
86382689,NO,1.0
86382690,NO,1.0
86382764,NO,1.0
86382981,NO,1.0
86387114,NO,1.0
86397548,NO,1.0
86397555,NO,1.0
86397556,NO,1.0
86397557,NO,1.0
86397565,NO,1.0
86397593,NO,0.3333333333333333
86397593,SE,0.6666666666666666
86397669,CA,0.09090909090909091
86397669,FR,0.18181818181818182
86397669,NL,0.09090909090909091
86397669,NO,0.18181818181818182
86397669,US,0.45454545454545453
86397933,NO,0.5
86397933,US,0.5
86424661,NO,0.8333333333333334
86424661,SE,0.16666666666666666
86424664,NO,1.0
86424897,NO,1.0
86426168,NO,1.0
86497585,DE,0.3333333333333333
86497585,NO,0.6666666666666666
86497710,NO,1.0
86499756,FI,0.75
86499756,NO,0.25
86499913,IN,0.7142857142857143
86499913,NO,0.14285714285714285
86499913,US,0.14285714285714285
86540228,NO,1.0
86546567,NO,1.0
86548533,NO,1.0
86558836,BE,0.25
86558836,NL,0.25
86558836,NO,0.5
86603877,NO,1.0
86605075,NO,1.0
86605233,NO,1.0
86605316,NO,1.0
86608414,NO,0.3333333333333333
86608414,US,0.6666666666666666
86609564,NO,0.6
86609564,US,0.4
86612870,NO,0.5
86612870,US,0.5
86646504,NO,1.0
86657167,NO,1.0
86657376,BE,0.5
86657376,NO,0.5
86692777,NO,1.0
86692955,NO,1.0
86693050,NO,1.0
86693792,NO,1.0
86693844,NO,1.0
86693845,NO,1.0
86693930,NO,0.3333333333333333
86693930,US,0.6666666666666666
86693961,IN,0.6
86693961,NO,0.2
86693961,US,0.2
86695162,NO,0.25
86695162,SG,0.5
86695162,US,0.25
86710670,NO,1.0
86710723,NL,0.75
86710723,NO,0.25
86710777,NO,1.0
86729205,NO,1.0
86730827,NO,0.75
86730827,SE,0.25
86730870,NO,1.0
86730878,NO,1.0
86730880,NO,1.0
86730882,NO,1.0
86730883,NO,1.0
86730885,FI,0.5
86730885,NO,0.5
86732068,NO,1.0
86732553,NO,1.0
86732723,NO,1.0
86733429,NO,1.0
86760240,NL,1.0
86760595,NO,1.0
86763409,NO,1.0
86764517,US,1.0
86764634,NO,1.0
86764667,NO,0.5
86764667,SE,0.5
86764738,NO,1.0
86764818,NO,1.0
86767578,NO,1.0
86768230,GB,0.25
86768230,NO,0.5
86768230,SE,0.25
86771333,NO,0.5
86771333,SE,0.5
86771338,NO,1.0
86771342,NO,0.5
86771342,SE,0.5
86773217,NO,1.0
86773219,NO,1.0
86773220,NO,0.5
86773220,US,0.5
86773468,NO,0.4
86773468,US,0.6
86775363,BD,0.3333333333333333
86775363,DE,0.16666666666666666
86775363,IN,0.3333333333333333
86775363,NO,0.16666666666666666
86851452,NO,0.75
86851452,SE,0.25
86861714,NO,1.0
86862100,NO,1.0
86895752,NO,1.0
86895753,NO,1.0
86898145,NO,0.3333333333333333
86898145,US,0.6666666666666666
86899166,NO,1.0
86903241,NO,1.0
86903252,NO,1.0
86903254,NO,1.0
86903259,NO,1.0
86903264,NO,1.0
86903267,NO,1.0
86903439,NO,1.0
86903950,NO,1.0
86904000,NO,1.0
86904054,DE,0.16666666666666666
86904054,IN,0.16666666666666666
86904054,NO,0.3333333333333333
86904054,US,0.3333333333333333
86904073,NO,0.5
86904073,PL,0.25
86904073,SE,0.25
86904394,NO,1.0
86942010,NO,1.0
86942377,NO,1.0
86942897,NO,1.0
86949056,NO,1.0
86949116,NO,1.0
86949118,NO,1.0
86999813,NO,1.0
86999829,BY,0.3333333333333333
86999829,NO,0.6666666666666666
87001786,NO,1.0
87001850,NO,1.0
87001907,NO,1.0
87002998,NO,1.0
87003152,NO,1.0
87035943,NO,0.3333333333333333
87035943,US,0.6666666666666666
87036043,NO,1.0
87036963,NO,1.0
87036967,DE,0.6
87036967,FI,0.2
87036967,NO,0.2
87036970,NO,1.0
87037343,NO,1.0
87059803,NO,1.0
87059806,NO,1.0
87060118,NO,1.0
87060723,NO,1.0
87068787,NO,1.0
87070496,NO,0.6666666666666666
87070496,US,0.3333333333333333
87074598,NO,1.0
87074742,NO,1.0
87136887,NO,1.0
87136914,NO,1.0
87155665,NO,1.0
87157013,NO,1.0
87157881,NO,1.0
87158083,NO,1.0
87160462,NO,1.0
87161489,NO,0.5
87161489,US,0.5
87162201,GB,0.25
87162201,NO,0.75
87163338,NO,0.3333333333333333
87163338,US,0.6666666666666666
87196211,DK,0.6666666666666666
87196211,NO,0.3333333333333333
87196336,NO,0.5
87196336,SE,0.5
87201932,NO,1.0
87201988,NO,1.0
87202546,NO,1.0
87245461,DK,0.6666666666666666
87245461,NO,0.3333333333333333
87245562,NO,1.0
87245620,DK,0.75
87245620,NO,0.25
87312601,NO,1.0
87312887,NO,1.0
87348612,NO,1.0
87348617,NO,1.0
87377700,FR,0.16666666666666666
87377700,NO,0.3333333333333333
87377700,US,0.5
87377966,NO,1.0
87378624,NO,1.0
87378625,NO,1.0
87418866,NO,1.0
87419357,NO,1.0
87419358,NO,1.0
87424130,NO,1.0
87424131,NO,1.0
87430510,NO,0.4
87430510,SG,0.3
87430510,US,0.3
87430599,NO,0.4444444444444444
87430599,SG,0.2222222222222222
87430599,US,0.3333333333333333
87430779,NO,0.4444444444444444
87430779,SG,0.2222222222222222
87430779,US,0.3333333333333333
87431537,NO,0.3333333333333333
87431537,US,0.6666666666666666
87431629,NO,1.0
87431651,NO,1.0
87432030,IN,0.6
87432030,NO,0.2
87432030,US,0.2
87468463,NO,1.0
87468469,NO,1.0
87468524,NO,1.0
87468600,NO,1.0
87472293,NO,1.0
87472298,NO,1.0
87472322,NO,1.0
87472344,NO,1.0
87472346,NO,0.6666666666666666
87472346,SE,0.3333333333333333
87472347,NO,1.0
87473724,NO,1.0
87473727,NO,1.0
87474048,NO,1.0
87474092,NO,1.0
87513982,NO,1.0
87514204,NO,1.0
87514244,NO,1.0
87517025,NO,0.6666666666666666
87517025,PL,0.3333333333333333
87517293,NO,1.0
87517433,NO,1.0
87519710,NO,1.0
87519771,NO,1.0
87519775,NO,1.0
87519911,NO,1.0
87521786,NO,0.2857142857142857
87521786,US,0.7142857142857143
87521808,NO,0.6666666666666666
87521808,US,0.3333333333333333
87521966,NO,0.5
87521966,US,0.5
87552676,NO,1.0
87552677,NO,1.0
87553504,NO,1.0
87553505,NO,1.0
87553506,NO,1.0
87554176,NO,1.0
87554589,NO,1.0
87554791,NL,0.16666666666666666
87554791,NO,0.8333333333333334
87557311,DE,0.3333333333333333
87557311,NO,0.6666666666666666
87557792,NO,1.0
87559274,NO,0.6666666666666666
87559274,US,0.3333333333333333
87559323,GB,0.2
87559323,NO,0.2
87559323,SG,0.2
87559323,US,0.4
87559733,CN,0.25
87559733,NO,0.5
87559733,US,0.25
87559748,NO,0.5
87559748,US,0.5
87560972,US,1.0
87560996,US,1.0
87561101,US,1.0
87564855,NO,1.0
87567711,NO,1.0
87568924,NO,1.0
87568926,NO,1.0
87571053,NO,0.08333333333333333
87571053,PT,0.9166666666666666
87571094,MT,0.5
87571094,NO,0.5
87573777,US,1.0
87573802,NO,0.5
87573802,US,0.5
87573806,NO,0.5
87573806,US,0.5
87574881,NO,1.0
87575113,NO,0.5
87575113,US,0.5
87577953,JP,0.75
87577953,NO,0.25
87578710,NO,1.0
87578752,CA,0.14285714285714285
87578752,FR,0.14285714285714285
87578752,NL,0.14285714285714285
87578752,NO,0.42857142857142855
87578752,US,0.14285714285714285
87580140,DK,0.5
87580140,NO,0.5
87643911,NO,1.0
87695987,NO,1.0
87760171,NO,1.0
87760207,AU,0.4
87760207,FI,0.4
87760207,NO,0.2
87760224,DE,0.7142857142857143
87760224,FI,0.14285714285714285
87760224,NO,0.14285714285714285
87760285,NO,0.5
87760285,US,0.5
87760543,NO,1.0
87762294,NO,0.5
87762294,US,0.5
87762686,AT,0.5
87762686,NO,0.5
87762763,NO,1.0
87762940,NO,1.0
87762973,NO,1.0
87766515,NO,1.0
87797661,NO,1.0
87802082,NO,1.0
87802083,NO,1.0
87803516,NO,1.0
87803643,NO,1.0
87803662,GB,0.5
87803662,NO,0.5
87845555,NO,0.7142857142857143
87845555,US,0.2857142857142857
87845615,NO,1.0
87848052,NO,1.0
87850120,NO,0.3333333333333333
87850120,US,0.6666666666666666
87863560,NO,1.0
87863592,NO,1.0
87863663,NO,1.0
87884081,NO,1.0
87884085,NO,1.0
87886652,NO,1.0
87886686,NO,1.0
87886696,NO,1.0
87886921,NO,1.0
87888027,NO,1.0
87888088,NO,1.0
87888093,NO,1.0
87930859,NO,0.16666666666666666
87930859,US,0.8333333333333334
87932159,NO,0.5
87932159,US,0.5
87933557,NO,1.0
87933868,NO,1.0
87934417,NO,1.0
87935544,NO,1.0
87935593,NO,1.0
87935594,NO,1.0
87935595,NO,1.0
87974641,NO,1.0
87974657,NO,1.0
87975470,NO,1.0
87975489,NO,1.0
87975712,NO,1.0
88012220,GB,0.5
88012220,NO,0.5
88020934,DE,0.5
88020934,NO,0.5
88023905,US,1.0
88060616,NO,1.0
88064656,NO,1.0
88064677,HU,0.5
88064677,NO,0.5
88067497,NO,0.6666666666666666
88067497,US,0.3333333333333333
88068341,US,1.0
88068451,US,1.0
88068917,NO,1.0
88069409,NO,1.0
88069678,BE,0.25
88069678,NO,0.75
88093107,NO,1.0
88093144,NO,1.0
88094711,GB,0.8
88094711,US,0.2
88095846,US,1.0
88096533,IN,0.6
88096533,NO,0.2
88096533,US,0.2
88101915,NO,0.6666666666666666
88101915,SE,0.3333333333333333
88143904,NO,1.0
88143943,NO,1.0
88143944,NO,1.0
88144554,NO,1.0
88146812,NO,1.0
88189661,NO,1.0
88192202,NO,1.0
88192291,NO,1.0
88193179,NO,0.5
88193179,US,0.5
88194133,NO,1.0
88194460,GB,0.4
88194460,NO,0.2
88194460,SE,0.2
88194460,US,0.2
88194470,GB,0.4
88194470,NO,0.2
88194470,SE,0.2
88194470,US,0.2
88194977,CA,0.14285714285714285
88194977,FR,0.14285714285714285
88194977,NL,0.14285714285714285
88194977,NO,0.14285714285714285
88194977,US,0.42857142857142855
88194981,NO,0.16666666666666666
88194981,US,0.8333333333333334
88194996,CA,0.14285714285714285
88194996,FR,0.14285714285714285
88194996,NL,0.14285714285714285
88194996,NO,0.14285714285714285
88194996,US,0.42857142857142855
88195003,CA,0.125
88195003,FR,0.125
88195003,NL,0.125
88195003,NO,0.125
88195003,US,0.5
88195067,NO,1.0
88197003,NO,1.0
88203231,NO,1.0
88204263,NO,1.0
88204414,NO,1.0
88204415,NO,1.0
88237341,NO,0.6666666666666666
88237341,SE,0.3333333333333333
88237498,NO,0.5
88237498,SE,0.5
88237748,NO,1.0
88239055,NO,0.5
88239055,US,0.5
88287269,NO,1.0
88291842,NO,1.0
88292092,KR,0.6666666666666666
88292092,NO,0.3333333333333333
88297034,US,1.0
88297326,NO,1.0
88297327,NO,1.0
88297328,NO,1.0
88297329,NO,1.0
88307068,NO,1.0
88307069,NO,1.0
88307088,NO,1.0
88307732,DE,0.8333333333333334
88307732,NO,0.16666666666666666
88315436,NO,1.0
88315776,NO,1.0
88315883,NO,1.0
88372548,NO,1.0
88372549,NO,1.0
88372550,NO,1.0
88405031,NO,1.0
88412321,NO,1.0
88414832,US,1.0
88417123,AT,0.25
88417123,NO,0.75
88420214,NO,1.0
88466563,AT,0.25
88466563,NO,0.75
88468966,NO,1.0
88469728,EC,0.09090909090909091
88469728,NO,0.09090909090909091
88469728,PL,0.8181818181818182
88504989,NO,1.0
88505303,NO,1.0
88506538,NO,1.0
88506998,NO,1.0
88507021,NO,1.0
88511907,NO,0.6666666666666666
88511907,US,0.3333333333333333
88512106,NO,0.6
88512106,US,0.4
88517342,NO,1.0
88517479,NO,1.0
88519332,NO,1.0
88519342,NO,1.0
88558404,NO,1.0
88558570,NO,1.0
88564017,NO,1.0
88564018,NO,1.0
88564019,NO,1.0
88600651,NO,1.0
88648578,NO,0.5
88648578,US,0.5
88648901,NO,1.0
88650745,NO,1.0
88651410,NO,1.0
88689913,NO,1.0
88689941,NO,1.0
88690241,NO,1.0
88695472,NO,1.0
88695496,NO,1.0
88695532,US,1.0
88695592,NO,1.0
88695672,NO,1.0
88730602,NO,1.0
88730664,NO,1.0
88730677,NO,1.0
88731430,NO,1.0
88731432,NO,0.5714285714285714
88731432,SA,0.2857142857142857
88731432,US,0.14285714285714285
88745797,NO,1.0
88745798,NO,1.0
88777737,NO,0.5
88777737,US,0.5
88778527,NO,1.0
88779310,NO,1.0
88792303,IT,0.18181818181818182
88792303,NO,0.18181818181818182
88792303,US,0.6363636363636364
88792998,NO,1.0
88793193,NO,1.0
88793261,NO,1.0
88835617,NO,1.0
88835877,NO,1.0
88836573,NO,0.5
88836573,US,0.5
88837159,NO,1.0
88838970,NO,1.0
88839869,NO,1.0
88839931,NO,1.0
88839932,NO,1.0
88839937,NO,1.0
88863432,NO,1.0
88874460,NO,1.0
88874865,NO,1.0
88874960,NO,1.0
88876392,NO,0.75
88876392,US,0.25
88876420,NO,0.1
88876420,US,0.9
88877339,NO,1.0
88877934,NO,0.5
88877934,US,0.5
88878800,NO,1.0
88879084,NO,1.0
88879185,NO,1.0
88880588,NO,1.0
88919608,NO,1.0
88923596,NO,1.0
88965230,DK,0.3333333333333333
88965230,NO,0.6666666666666666
88969494,NO,1.0
88969820,NO,1.0
88974957,US,1.0
88975422,NO,1.0
88976229,NO,0.75
88976229,US,0.25
88977449,NO,0.6666666666666666
88977449,SA,0.3333333333333333
88977466,NO,0.2
88977466,US,0.8
88978326,NO,1.0
88978434,NO,1.0
88978458,NO,1.0
89022952,NO,1.0
89029748,NO,1.0
89030135,NO,1.0
89030136,NO,1.0
89030138,NO,1.0
89030139,NO,1.0
89068353,LT,0.8333333333333334
89068353,NO,0.16666666666666666
89068691,NO,1.0
89069285,NO,1.0
89069667,NO,1.0
89073267,NO,0.8888888888888888
89073267,SE,0.1111111111111111
89073669,NO,1.0
89076162,NO,1.0
89076426,NO,1.0
89077261,NO,0.3333333333333333
89077261,US,0.6666666666666666
89077372,NO,0.25
89077372,US,0.75
89077383,CA,0.25
89077383,KE,0.125
89077383,MX,0.125
89077383,NO,0.25
89077383,RO,0.125
89077383,US,0.125
89118755,NO,1.0
89118756,NO,1.0
89118759,NO,0.75
89118759,SE,0.25
89119582,NO,1.0
89121454,NO,1.0
89121757,NO,1.0
89122021,NO,1.0
89122166,NO,1.0
89146926,NO,1.0
89146927,NO,1.0
89146928,NO,1.0
89157898,NO,0.5714285714285714
89157898,SA,0.2857142857142857
89157898,US,0.14285714285714285
89158735,NO,1.0
89158980,NO,1.0
89158993,NO,1.0
89159390,NO,1.0
89159394,NO,1.0
89170160,NO,0.3333333333333333
89170160,US,0.6666666666666666
89191705,NO,1.0
89223371,NO,1.0
89223699,NO,1.0
89223764,NO,1.0
89223798,NO,1.0
89223928,NO,1.0
89307366,NO,1.0
89307367,CA,0.25
89307367,NO,0.75
89308875,NO,1.0
89324075,NO,0.3333333333333333
89324075,US,0.6666666666666666
89380319,NO,1.0
89380343,NO,1.0
89381038,GB,0.2
89381038,NO,0.2
89381038,US,0.6
89381042,NO,0.16666666666666666
89381042,US,0.8333333333333334
89381205,NO,1.0
89381208,NO,1.0
89381210,NO,1.0
89384424,NO,1.0
89384425,NO,1.0
89386315,NO,1.0
89426963,GB,0.25
89426963,NO,0.75
89428665,NO,1.0
89429928,NO,1.0
89430485,NO,1.0
89430519,NO,1.0
89432752,NO,1.0
89433813,GB,0.5
89433813,NO,0.5
89452437,NO,1.0
89452600,NO,1.0
89453888,NO,1.0
89453891,NO,1.0
89473350,NO,1.0
89473444,NO,1.0
89473993,NO,1.0
89493229,ES,0.25
89493229,NO,0.25
89493229,US,0.5
89507486,NO,1.0
89507533,NO,1.0
89507632,NO,1.0
89508877,NO,1.0
89508937,NO,1.0
89508939,NO,1.0
89508961,NO,1.0
89509705,NO,0.5
89509705,US,0.5
89510091,GB,0.16666666666666666
89510091,IE,0.5
89510091,NO,0.16666666666666666
89510091,US,0.16666666666666666
89510469,NO,0.3333333333333333
89510469,US,0.6666666666666666
89535689,CA,0.2
89535689,CH,0.2
89535689,ES,0.2
89535689,NO,0.4
89535906,NO,1.0
89535947,NO,1.0
89537178,NO,1.0
89537182,NO,1.0
89541321,NO,1.0
89543840,NO,1.0
89543841,NO,1.0
89543842,NO,1.0
89573860,FR,0.375
89573860,NL,0.125
89573860,NO,0.125
89573860,RO,0.25
89573860,US,0.125
89619962,NO,1.0
89648249,NO,1.0
89648250,NO,1.0
89648251,NO,1.0
89658325,NO,1.0
89658771,NO,1.0
89661356,NO,1.0
89662277,NO,1.0
89663044,NO,1.0
89707093,NO,1.0
89718004,NO,1.0
89718005,NO,1.0
89718006,NO,1.0
89719980,NO,1.0
89720027,NO,1.0
89722926,NO,1.0
89751940,NO,0.5
89751940,US,0.5
89767475,NO,0.5
89767475,SE,0.5
89768240,NO,1.0
89769722,CA,0.6
89769722,GB,0.2
89769722,NO,0.2
89770363,NO,0.5
89770363,US,0.5
89808638,DE,0.3333333333333333
89808638,NO,0.6666666666666666
89843965,NO,1.0
89846906,US,1.0
89847243,GB,0.5
89847243,NO,0.5
89854305,NO,1.0
89855868,NO,1.0
89906799,CH,0.14285714285714285
89906799,NO,0.14285714285714285
89906799,US,0.7142857142857143
89907091,NO,0.6666666666666666
89907091,US,0.3333333333333333
89908407,NO,1.0
89941998,NO,1.0
89942008,NO,1.0
89942689,NO,1.0
89942690,NO,1.0
89942691,NO,1.0
89985081,IN,0.5
89985081,NO,0.25
89985081,US,0.25
89995487,NO,0.25
89995487,US,0.75
90013846,NO,1.0
90038817,NO,1.0
90086737,NO,1.0
90098444,NO,1.0
90098505,NO,0.5
90098505,US,0.5
90140795,NO,0.5
90140795,US,0.5
90141824,NO,0.25
90141824,SG,0.25
90141824,US,0.5
90243479,NO,0.5
90243479,US,0.5
90244897,NO,0.5
90244897,US,0.5
90300563,NO,0.5
90300563,PK,0.5
90345587,NO,1.0
90359174,NO,0.5
90359174,US,0.5
90360450,CN,0.2
90360450,NO,0.6
90360450,US,0.2
90360987,NO,0.75
90360987,US,0.25
90366879,NO,1.0
90453469,MT,0.75
90453469,NO,0.25
90453470,NO,1.0
90454757,NO,1.0
90470592,FI,0.3333333333333333
90470592,NO,0.3333333333333333
90470592,US,0.3333333333333333
90470848,NO,0.25
90470848,US,0.75
90471714,NO,1.0
90472229,US,1.0
90478827,NO,1.0
90478835,NO,1.0
90526515,NO,1.0
90526516,NO,1.0
90526517,NO,1.0
90526518,NO,1.0
90526519,NO,1.0
90526520,NO,1.0
90526737,NO,1.0
90556510,NO,1.0
90566959,DK,0.3333333333333333
90566959,NO,0.6666666666666666
90574545,NO,0.9
90574545,US,0.1
90575234,NO,1.0
90608414,NO,1.0
90608417,NO,1.0
90608427,DK,0.5
90608427,NO,0.5
90608431,NO,1.0
90608448,NO,1.0
90668342,NO,1.0
90670060,NO,1.0
90714505,NO,1.0
90714506,NO,1.0
90728975,NO,1.0
90827158,NO,1.0
90833716,DE,0.16666666666666666
90833716,DK,0.16666666666666666
90833716,NO,0.5
90833716,US,0.16666666666666666
90833843,NO,0.8
90833843,US,0.2
90898350,IN,0.5
90898350,NO,0.375
90898350,US,0.125
90911576,NO,1.0
90927424,MT,0.25
90927424,NO,0.75
90927841,NO,0.3333333333333333
90927841,US,0.6666666666666666
90931142,NO,1.0
90970795,NO,1.0
90970797,NO,1.0
91027663,NO,0.5
91027663,US,0.5
91028211,NO,0.5
91028211,US,0.5
91049131,GB,0.3333333333333333
91049131,NO,0.3333333333333333
91049131,SE,0.3333333333333333
91070352,NO,1.0
91073713,NO,1.0
91075117,NO,1.0
91075118,NO,1.0
91079527,NO,0.3333333333333333
91079527,US,0.6666666666666666
91080319,GB,0.25
91080319,NO,0.5
91080319,US,0.25
91085138,NO,1.0
91085147,NO,1.0
91085161,NL,0.5
91085161,NO,0.5
91130355,NO,1.0
91130364,NO,1.0
91196378,NO,1.0
91196416,NO,1.0
91196427,NO,1.0
91227550,NO,1.0
91227557,NO,1.0
91227562,NO,1.0
91258166,NO,1.0
91258167,GB,0.3333333333333333
91258167,NO,0.6666666666666666
91278756,FR,0.3333333333333333
91278756,NO,0.3333333333333333
91278756,SE,0.3333333333333333
91279445,NO,0.2
91279445,SG,0.2
91279445,US,0.6
91280232,NO,1.0
91323023,DK,0.75
91323023,NO,0.25
91335161,NO,1.0
91335162,CY,0.25
91335162,NO,0.75
91335163,NO,1.0
91335926,DK,0.3333333333333333
91335926,NO,0.6666666666666666
91379791,GB,0.125
91379791,NO,0.875
91382314,NL,0.2
91382314,NO,0.8
91432202,NO,1.0
91432203,NO,1.0
91433673,NO,1.0
91473097,NO,0.8
91473097,US,0.2
91486190,NO,1.0
91486216,NO,1.0
91486220,NO,1.0
91530369,NO,1.0
91530370,NO,1.0
91538774,NO,1.0
91538775,NO,1.0
91539588,NO,1.0
91539742,NO,1.0
91583578,DE,0.3333333333333333
91583578,NO,0.3333333333333333
91583578,US,0.3333333333333333
91585071,CN,0.5
91585071,NO,0.3333333333333333
91585071,US,0.16666666666666666
91589633,NO,1.0
91621346,NO,1.0
91621347,NO,1.0
91622740,NO,1.0
91644030,NO,0.6666666666666666
91644030,US,0.3333333333333333
91647717,IN,0.5555555555555556
91647717,NO,0.3333333333333333
91647717,US,0.1111111111111111
91700689,NO,1.0
91700690,NO,1.0
91718578,NO,1.0
91719563,NO,1.0
91719564,NO,1.0
91835290,NO,1.0
91845330,NO,1.0
91845610,NO,0.2
91845610,US,0.8
91924614,NO,1.0
91934015,NO,0.2
91934015,US,0.8
91959517,NO,1.0
91959518,NO,1.0
91960040,NO,1.0
91964614,NO,0.5
91964614,SE,0.5
92539261,DK,0.3333333333333333
92539261,NO,0.6666666666666666
92539310,NO,1.0
92634649,NO,1.0
92893848,NO,1.0
92931180,HU,0.3333333333333333
92931180,NO,0.3333333333333333
92931180,US,0.3333333333333333
93011202,NO,1.0
93285385,NO,0.2
93285385,US,0.8
93457243,NO,1.0
93457248,NO,1.0
93522799,NO,1.0
93932088,NO,1.0
94174178,NO,0.2
94174178,US,0.8
94322274,NO,1.0
94477754,ES,0.25
94477754,NO,0.75
94477787,NO,1.0
