docdb_family_id,person_ctry_code,inventor_count
30117093,NO,4
32930542,NO,3
35220688,NO,1
35267088,DE,1
35267088,NL,1
35267088,NO,1
36803659,NO,1
37671443,GB,6
37671443,NO,1
38163327,IL,1
38372038,US,4
39101658,FI,1
39101658,IT,1
39101658,NO,3
41114732,NO,1
41114732,US,3
42283642,NO,3
42354652,NO,1
42983487,IT,1
42983487,NO,2
43065226,NO,1
44146318,CL,3
44146318,NO,2
44542539,NO,1
44542539,US,4
44645370,DK,3
44860439,NO,1
45464639,NO,3
45495902,NO,5
45541216,NO,6
46757277,KR,1
46757277,NO,1
46757277,US,5
46846167,NO,3
46969414,NO,2
48539300,NO,1
48539300,SE,1
48613178,NO,4
49779863,NO,1
50002662,NO,4
50071052,GB,4
50071052,NO,2
50239676,NO,3
50543578,CA,3
50543578,DE,4
50543578,NO,1
50884956,DK,3
50979080,FR,2
50979080,NO,2
51302828,NO,6
51869718,NO,2
51869758,NO,2
51986097,NO,2
52349617,NO,2
52469249,NO,2
52577849,NO,1
52649067,NO,1
52673865,NO,4
53181597,NO,1
53181597,US,2
53403185,NO,2
53489699,GB,1
53489699,NO,1
53489699,US,4
53673311,GB,7
53673311,NE,1
53673311,NO,3
53673311,US,5
53677482,NO,2
53756005,NO,2
53756005,US,2
53775996,FR,1
53776955,NO,4
54336802,NO,1
54336802,US,1
54606078,NO,2
55025003,GB,1
55025003,NO,3
55066354,NO,2
55132414,NO,4
55234448,IN,1
55631054,NO,1
55631054,SE,2
55745553,DE,1
55745553,NO,1
55963321,NO,2
56101757,CN,1
56101757,FR,2
56101757,NO,1
56101757,US,1
56108010,CN,1
56108010,FR,2
56108010,NO,1
56108010,US,1
56132759,NO,2
56360457,GB,1
56360457,NO,2
56544309,CN,1
56544309,FR,2
56544309,NO,1
56544309,US,1
56879732,CN,2
56879732,NO,1
56879732,US,1
56895114,NO,1
56895114,SE,2
57218882,NO,4
57398467,BR,1
57398467,US,1
57799622,NO,3
57910122,NO,1
57910122,US,2
58044125,NO,3
58100941,NO,3
58188673,GB,1
58240861,GB,1
58360664,NO,6
58360996,NO,4
58448349,AT,1
58448349,CH,2
58448349,DE,1
58448349,NO,1
58462478,NO,2
58464508,NO,5
58544187,NO,3
58548768,NO,3
58584257,NO,1
58632557,NO,2
58632557,US,3
58664231,NO,1
58664231,US,1
58682734,NO,1
58682786,NO,4
58682786,SE,1
58709962,NO,3
58721366,NO,4
58765887,NO,3
59065626,NO,5
59220635,NO,4
59254039,GB,1
59254039,NO,1
59254039,US,2
59315613,NO,1
59676672,NO,3
59762051,ES,3
59762051,NO,6
59778985,CA,2
59778985,DK,2
59778985,NO,3
60037196,BE,3
60037196,DK,2
60037196,NO,2
60037279,BE,3
60037279,DK,2
60037279,NO,2
60117284,NO,1
60203014,NO,2
60452486,NO,2
60515375,BE,1
60515375,FR,1
60515375,NO,2
60654494,FI,1
60664176,NO,5
60673489,NO,1
60782210,NO,1
60782210,SE,1
60805742,GB,1
60805742,NO,4
61008786,NO,2
61024602,NO,3
61054172,NO,2
61189448,NO,3
61254461,NO,1
61526773,NO,4
61563532,NO,8
61563533,IT,1
61563533,NO,7
61581354,NO,1
61616772,NO,2
61899313,NO,1
62020082,NO,1
62090016,NO,2
62142372,GB,4
62142372,NO,2
62167350,NO,3
62236239,NO,2
62494677,NO,1
62494678,NO,2
62624927,NO,1
62624929,NO,1
63143728,NO,2
63143801,GB,1
63143801,NO,1
63143801,SE,1
63405219,NO,1
63405220,NO,1
63445755,NO,1
63524241,BR,6
63524241,CA,1
63524241,US,1
63556360,NO,4
63586806,NO,1
63715130,NO,1
63794756,NO,1
63794756,US,2
63834031,NO,1
63834034,NO,1
63858010,NO,1
63862136,NO,1
63878665,NO,2
63878684,NO,2
63915734,NO,3
64014714,NO,3
64604724,US,3
64738034,NO,3
64738092,NO,5
64742639,NO,1
64742639,US,2
64744918,NO,2
64951218,NO,2
64951218,US,5
65003554,US,2
65009771,NO,3
65011748,NL,2
65011748,NO,1
65016249,NO,1
65024231,NO,1
65024727,NO,2
65024727,SE,1
65236978,NO,2
65243589,GB,4
65243589,US,1
65274886,CA,2
65274886,NO,1
65352053,NO,1
65352054,NO,4
65409118,NO,2
65808960,DE,1
65808960,IN,1
65808960,NO,1
65808960,US,2
65995789,DE,2
65995789,NO,2
66102138,NO,2
66181370,NO,6
66240167,GB,2
66240167,NO,1
66243532,NO,1
66243532,US,6
66251813,NO,2
66540312,NO,1
66826923,IN,1
66826923,SG,3
66826977,NO,1
66826985,NO,1
67145844,NO,1
67220698,NO,2
67262338,DE,1
67262338,NO,1
67297301,NO,1
67297301,US,4
67441564,NO,3
67511647,NO,1
67623215,NO,3
67684686,CA,3
67684686,NO,4
67700158,NO,4
67701231,NO,4
67810426,NO,5
67928828,NL,1
67997509,IN,1
67997509,SG,3
68108921,NO,6
68291597,US,1
68292617,NO,1
68315280,NL,3
68315280,NO,2
68315372,NO,1
68342458,PL,1
68425536,NO,1
68425536,US,5
68614305,NO,6
68728301,NO,2
68763676,NO,4
68764636,NO,2
68764636,US,1
68768884,NO,4
68917589,NL,1
68917589,NO,2
69005258,NL,1
69005258,NO,3
69005761,NO,2
69059106,US,2
69061430,NO,7
69062099,GB,2
69086376,NO,1
69104300,ES,1
69104300,NO,2
69137215,NO,3
69147180,NO,4
69165466,NO,2
69186599,NO,7
69322634,NO,2
69322907,NO,8
69493486,NO,2
69626225,NO,3
69626234,NO,3
69636765,NO,1
69639782,GB,2
69740251,DE,2
69810688,NO,1
69844865,NO,2
69846240,NO,2
69903021,NO,2
70228770,NL,1
70278581,NO,4
70289747,DK,1
70295139,TW,1
70295139,US,3
70458586,NO,1
70465214,NO,1
70476117,NO,1
70546530,BR,1
70546530,IN,1
70546530,NO,7
70546530,SE,1
70546578,NO,1
70546641,NO,2
70553245,NO,3
70553403,US,2
70680242,BE,1
70680242,NL,1
70726501,NO,2
70768774,NO,3
70768990,NO,2
70803013,NO,1
70857017,DE,1
70857017,FR,1
70857017,NL,2
70861217,BE,3
70921797,NO,2
71080219,CN,1
71080219,NO,2
71080219,US,3
71080626,NO,3
71083400,BE,2
71608241,NO,4
71615893,NO,5
71787005,US,1
71835579,FR,1
71835579,NO,1
71895040,US,1
71944174,US,1
71949674,DE,1
71949674,NO,2
72050394,DE,1
72050394,FI,1
72050394,NL,1
72050394,NO,2
72050473,NO,1
72139990,NO,3
72235027,NO,1
72241297,NO,3
72266891,NO,2
72266891,US,1
72422335,NO,1
72422609,NO,3
72428246,NO,1
72515774,NO,4
72826934,NO,1
72896210,NO,2
72915797,NO,2
73014525,NO,2
73401839,NO,3
73451196,NO,2
73476146,NO,2
73497753,NO,3
73646343,NO,1
73646467,NO,1
73646467,SA,3
73695101,NO,4
73744651,US,1
73781446,NO,1
73781472,NO,1
74059778,NO,2
74104237,US,5
74181203,SE,1
74187163,NL,1
74205673,BE,1
74205673,NL,1
74205711,DE,7
74205711,NO,1
74211208,NO,2
74228359,IN,1
74228359,NO,1
74418194,US,3
74494810,DE,1
74494810,NO,6
74561691,BR,1
74561826,DE,3
74566490,NO,3
74568744,GB,2
74568744,NO,1
74568744,US,1
74661318,NO,1
74667706,FI,2
74667751,FI,1
74669502,NO,3
74673088,DE,1
74673128,NO,2
74673162,GB,1
74673162,NO,3
74678839,NO,3
74678960,NO,1
74678969,NO,2
74679039,GB,1
74679039,NO,2
74683940,NO,1
74759495,NO,4
74759495,US,2
74844971,NO,1
74856697,NO,1
74856810,NO,1
74856810,SE,1
74858223,DE,3
74858223,NO,1
74858353,NO,2
74858381,NO,2
74858735,NL,2
74859050,FI,2
74859178,NL,1
74859178,US,1
74859292,NO,2
74859759,FR,1
74859759,NO,1
74859760,FR,1
74859760,NO,1
74865311,NO,3
74865391,NO,1
74867403,NO,5
74870795,DK,1
74870795,NO,11
74870795,SG,1
74871245,NO,4
74871256,NO,5
74871262,NO,4
74871268,NO,4
74871739,NO,1
74873595,NO,2
74873595,US,1
74874673,DE,1
74878994,NO,3
74879119,FI,1
74879119,NO,1
74879746,NO,1
74879896,NO,2
74879896,US,5
74947002,NO,1
75108123,NO,3
75108645,ES,1
75108647,AU,1
75108647,NO,1
75108647,US,2
75108757,NO,1
75143529,NO,3
75143624,NO,1
75143639,NO,3
75173069,NO,1
75223190,NO,5
75223383,NO,1
75252554,BE,1
75252554,FI,1
75277807,BE,4
75277910,NO,2
75278321,NO,3
75302245,BE,1
75302245,FI,1
75302245,FR,2
75302245,NO,1
75338915,BR,1
75338915,CH,2
75338915,NO,1
75338968,NO,2
75339117,NO,2
75339220,NO,1
75339244,NO,1
75339765,GB,2
75339765,NO,1
75339765,SE,3
75362480,NO,1
75377335,GB,1
75377335,NO,1
75377362,FI,1
75377362,NO,3
75377376,NO,3
75377393,NO,1
75382704,NO,2
75382704,US,3
75382722,NO,1
75396825,DE,1
75396825,FR,4
75396825,GB,1
75396825,GE,1
75396825,NO,1
75426600,NO,1
75426600,US,1
75438700,NO,6
75439421,NO,4
75472491,NO,1
75472510,NO,4
75472546,NO,1
75472617,NO,2
75538815,NO,1
75539309,NO,4
75539316,DE,1
75539316,NO,2
75562632,NO,2
75562667,NO,1
75623186,NO,4
75623223,NO,1
75625504,NO,3
75625514,NO,3
75659951,NO,1
75674697,IN,2
75674697,NO,1
75674697,SE,3
75674910,NO,1
75689863,NO,2
75689873,NO,3
75689899,NO,2
75689964,NO,3
75715502,NO,2
75715502,US,1
75728774,NO,3
75783488,NO,5
75783518,NO,4
75783519,CN,1
75783519,IT,1
75783519,NO,1
75783519,SE,1
75783537,NO,4
75783587,NO,3
75783629,NO,1
75783680,NO,2
75783680,SE,1
75783683,NO,4
75783685,NO,1
75783691,NO,2
75783718,NO,1
75783725,NO,1
75783800,NO,2
75825423,DE,2
75825423,NO,1
75825573,DE,2
75825573,NO,1
75847370,US,4
75848552,NO,1
75870604,NO,5
75883629,NO,2
75883629,SE,1
75883646,NO,1
75904848,NO,1
75904848,SE,1
75908967,NO,1
75908967,US,3
75912126,NO,5
75919357,CH,1
75919357,NO,1
75936799,NO,3
75949464,NO,2
75973750,NO,1
75973754,NO,1
75973754,US,3
75981711,NO,3
76011774,NO,5
76011945,NO,2
76034738,FR,1
76034738,NO,1
76059662,NO,2
76059759,BE,1
76059759,FR,1
76059759,IT,1
76137930,NL,1
76137930,NO,1
76159982,NO,1
76180995,DE,1
76180995,NO,2
76180995,US,1
76193425,GB,3
76193425,NO,2
76193425,US,1
76193586,NO,1
76193594,NO,3
76193597,NO,3
76209574,NO,1
76209574,US,5
76250126,NO,4
76270135,NO,1
76283662,AE,1
76283662,GB,1
76300982,NO,1
76300986,NO,3
76301108,NO,1
76301163,NO,2
76305733,US,2
76330563,NO,2
76355408,NO,3
76374946,NO,2
76374946,SE,4
76377591,NO,4
76377767,NO,4
76377794,FI,2
76377794,NO,1
76377794,PL,1
76377826,DE,4
76377826,DK,1
76377826,NO,2
76377835,NO,5
76444299,BE,1
76444299,FR,2
76444469,NO,2
76444519,NO,12
76466258,CN,3
76477919,NO,2
76483011,NO,2
76550530,NO,1
76550579,CA,1
76550579,DE,1
76550579,NO,3
76550616,FI,2
76584298,BE,1
76584374,DE,1
76584374,NO,2
76584374,SE,1
76584439,AU,2
76584439,NO,1
76601109,DE,2
76601109,NO,1
76637588,NO,1
76637601,NO,1
76637645,NO,1
76637646,NO,1
76637655,NO,1
76637657,NO,2
76637704,NO,1
76637728,NO,2
76637801,NO,1
76641593,DE,2
76695500,NO,2
76695631,NO,2
76708070,NO,2
76708403,NO,2
76730389,NO,3
76730434,NO,4
76741374,US,1
76741396,NO,1
76741427,NO,3
76741467,NO,1
76838897,NO,2
76838915,GB,3
76838915,NO,1
76838922,NO,2
76845166,NO,1
76857946,NO,1
76857946,US,2
76885259,CN,1
76891089,NO,2
76891089,SE,2
76920719,NO,1
76954388,NO,2
76954389,CH,1
76954389,NO,2
76954449,GB,5
76954449,NO,3
76954450,GB,6
76954450,NO,2
76954485,NO,1
76954503,NO,3
76954594,NO,3
76954617,DE,1
76954617,NL,2
76954617,NO,6
76971173,NO,1
76971173,US,6
76971972,NO,3
76991849,NO,4
77050617,NO,2
77050622,NO,3
77050633,NO,1
77050695,NO,2
77071212,BE,1
77071212,BR,1
77071449,NO,2
77079065,NO,3
77079069,NO,1
77179460,NO,5
77179462,NO,8
77179507,NO,2
77179511,NO,4
77179512,NO,1
77179513,NO,4
77179526,NO,1
77179545,NO,1
77179549,NO,3
77179554,NO,1
77179556,NO,6
77179640,DE,1
77179875,NO,2
77180233,FR,2
77180233,US,1
77226815,NO,5
77256845,NO,4
77265018,NO,3
77265171,NO,2
77272861,NO,5
77272861,US,5
77274384,BE,3
77274384,NO,2
77274422,NO,1
77274458,NO,2
77274533,NO,2
77274569,NO,2
77274601,NO,2
77338715,NO,3
77353786,NO,1
77353839,DE,2
77353839,NO,2
77353883,NO,2
77353905,NO,1
77353951,NO,3
77353982,NO,3
77354008,NO,3
77398385,NO,1
77443336,NO,2
77443404,NO,5
77491967,NO,1
77499721,BE,1
77499721,NL,1
77499721,NO,3
77499725,BE,1
77499725,NL,1
77499725,NO,3
77518971,AT,1
77518971,BE,2
77518971,DE,1
77518971,FR,1
77518971,IT,1
77518971,NL,1
77519120,GB,5
77519120,NO,1
77520556,NO,3
77541101,NO,2
77541104,NO,2
77612538,DE,3
77612538,NO,1
77651167,NO,1
77651224,DE,1
77651224,NO,5
77651243,NO,1
77651247,NO,2
77651258,FI,2
77651352,NO,3
77651374,NO,2
77651385,NO,2
77651420,NO,2
77666140,DE,1
77666205,DE,1
77666505,NO,2
77710542,BE,1
77711177,FR,2
77726425,NO,2
77774823,FI,1
77774823,NO,4
77774823,SE,1
77854452,NO,2
77854452,US,5
77859894,NO,2
77859955,NO,2
77860096,NO,2
77892622,NO,2
77892622,US,5
77913013,NO,2
77913930,BR,3
77913965,AE,1
77914010,NO,2
77930414,NO,1
77998908,NO,1
77999706,NO,3
77999718,NO,3
77999728,FI,1
77999728,NO,3
78049496,NO,4
78049512,GB,2
78049512,NO,2
78076741,NO,2
78080235,DK,1
78080235,NO,6
78081604,CN,1
78081604,NO,2
78085476,NO,5
78085563,DK,1
78085563,NO,6
78086609,NO,1
78087017,NO,4
78114129,DK,3
78114129,NO,1
78149276,NO,1
78149310,US,2
78149430,NO,2
78179173,DK,4
78221932,NO,4
78221932,US,4
78269084,NO,2
78270297,NO,2
78292365,NO,6
78302707,NO,1
78333015,NO,2
78333016,NO,2
78373713,NO,1
78373715,NO,3
78399559,NO,1
78399571,BE,1
78399571,NO,2
78399758,NO,1
78414448,AT,2
78414448,NO,2
78414611,NO,3
78463435,NO,2
78497755,AE,1
78497777,NO,1
78497813,NO,2
78497950,NO,4
78500332,DE,1
78500346,GB,1
78500346,NL,1
78513390,NO,2
78513390,US,1
78516554,NO,1
78516659,NO,7
78617355,FR,2
78617355,NO,1
78617355,SE,1
78617356,NO,1
78649093,DE,2
78649209,CH,1
78649209,NO,2
78705808,NO,2
78705841,NO,2
78708861,FR,4
78708861,NO,1
78708861,US,1
78709263,BE,1
78709263,NO,1
78718372,NO,4
78718395,NO,2
78718412,NO,2
78718558,NO,2
78789715,JP,1
78789715,NO,2
78805909,NO,6
78806108,GB,1
78806108,NO,1
78806113,CH,1
78806113,NO,1
78806135,NO,1
78806160,NO,2
78821899,FR,3
78821899,NO,2
78821953,DE,6
78827798,CH,3
78827798,NO,2
78828452,NO,1
78828491,NO,2
78828508,AT,1
78828508,DE,1
78828508,NO,3
78829376,NL,3
78829634,NO,1
78830494,NO,1
78844779,BE,2
78844779,FI,2
78844779,NO,1
78845056,NO,4
78845442,DE,5
78845442,NO,1
78916582,NL,1
78916886,DK,1
78916886,NO,1
78916886,SK,2
78918687,NO,1
79021166,NO,2
79024141,NO,3
79024688,NO,3
79025202,NO,2
79031502,GB,1
79031502,NO,2
79163444,NO,2
79163596,NO,2
79163604,NO,2
79163870,NO,3
79164762,US,3
79185385,NL,1
79185385,NO,1
79185385,US,1
79230963,NO,1
79268177,NO,3
79269732,NO,2
79270256,NO,2
79270300,GB,1
79270300,NO,1
79281583,NO,1
79281589,NO,4
79281590,NO,2
79315553,GB,1
79315553,US,1
79316739,FR,2
79316739,IT,1
79316739,NO,1
79316746,BE,1
79316746,NL,1
79316746,NO,2
79317178,NO,1
79553514,NO,5
79581195,NO,1
79601546,BE,1
79601546,NL,1
79601546,NO,2
79687188,NO,3
79730606,NO,2
79730659,NO,1
79730672,NO,2
79731034,NO,4
79831506,FR,1
80034802,NO,4
80035224,NO,2
80038577,NO,2
80038616,NO,1
80038671,DE,1
80038672,DE,1
80050700,NO,2
80079945,NO,1
80079967,NO,1
80080023,NO,1
80080037,NO,1
80080041,NO,2
80080124,GB,1
80080124,NO,1
80080166,NO,2
80080167,NO,2
80080964,NO,2
80111909,NO,2
80113506,NO,1
80119235,NO,3
80121674,NO,1
80121700,NO,2
80121901,NO,4
80121903,NO,4
80122004,US,1
80122253,NO,2
80122693,NZ,1
80122851,NZ,1
80122911,NO,2
80168262,AT,1
80168262,NO,2
80218453,NO,2
80220033,NL,3
80222073,BE,2
80222294,NO,2
80222521,NO,1
80223192,NO,4
80225387,FI,1
80262672,NO,1
80444018,NO,3
80444549,NO,2
80444549,US,1
80445993,NO,1
80446150,DE,1
80446150,NO,1
80446273,GB,1
80446273,NO,3
80446273,US,1
80446306,NO,1
80446306,US,7
80446439,NO,4
80446766,NO,3
80446976,NO,2
80447263,NO,2
80447825,NO,1
80448580,NO,2
80448705,AE,1
80448705,DE,1
80448705,NO,1
80448973,NO,1
80449136,GB,5
80449136,NZ,1
80449136,SE,2
80461007,NO,3
80461111,NO,2
80461563,NO,4
80461592,NO,1
80461811,AE,2
80461811,CA,1
80461811,IN,1
80595313,NO,1
80595314,DK,1
80595314,NO,2
80595389,NO,1
80621259,GB,1
80621259,NO,4
80623562,US,3
80623632,NO,2
80623703,NO,2
80623882,NO,3
80623940,NO,1
80624064,NO,1
80624076,NO,2
80625048,NL,1
80625048,NO,4
80625087,NO,1
80625103,NO,2
80625143,NO,2
80625357,NL,1
80625357,NO,1
80625417,NO,3
80625449,NO,1
80625517,NO,1
80625551,NO,1
80628538,BE,1
80628538,NL,1
80628538,NO,3
80628716,BE,1
80628716,NL,1
80628716,NO,3
80628750,NO,3
80678830,ES,1
80683048,NO,4
80683785,NO,3
80683785,SA,1
80685467,NO,3
80735848,FR,5
80735848,NO,1
80736019,NO,2
80736087,FI,1
80736087,NO,2
80736087,US,2
80736130,DE,1
80736130,FR,1
80736130,NO,2
80738728,DE,1
80738728,GB,1
80738910,NO,2
80775086,NO,4
80775339,IN,1
80780637,GB,1
80780637,NO,1
80780783,NO,2
80780861,CZ,1
80780861,NO,5
80780933,NO,1
80780933,SE,1
80780983,US,1
80785110,NO,5
80785158,AU,1
80785158,NO,4
80785278,NO,2
80786602,NO,1
80786614,NO,1
80786739,NO,1
80786896,NO,2
80820274,BE,1
80820274,NO,2
80820305,NO,1
80820747,NO,3
80820780,GB,1
80820780,NO,1
80820867,NO,1
80820998,GB,1
80820998,NO,1
80857203,NO,2
80928957,ES,3
80928957,NL,2
80930375,NO,3
80930421,US,2
80930561,KR,1
80930561,NO,1
80930561,SE,1
80933274,NO,2
80933418,NO,4
80933436,NO,2
80933547,NO,4
80933547,US,1
80933596,NO,2
80933917,NO,2
80934430,NO,3
80934697,FI,3
80937060,NO,1
80937099,NO,1
80937213,NO,3
80937213,SA,1
80937236,US,10
80952372,NO,1
80952377,US,10
80952480,NO,2
80978742,NO,1
80979061,NO,3
80998308,NO,1
81074028,NO,3
81074053,FI,2
81074071,NO,1
81074345,NO,2
81075476,NO,3
81075510,NO,2
81075561,NO,2
81075570,NO,2
81075575,NO,2
81075749,DK,2
81075749,NO,2
81175289,NO,1
81206887,NO,2
81210399,US,5
81213607,NO,1
81213607,SE,1
81214495,NO,1
81254777,GB,1
81254777,NO,1
81254791,US,1
81254903,NO,2
81254906,NO,2
81254952,NO,2
81306665,NO,4
81306788,NO,1
81306981,NO,2
81307288,NO,2
81307311,NO,3
81307324,NO,2
81307492,NO,1
81308050,BE,1
81308176,NO,1
81308272,DE,1
81308272,NO,5
81308553,NO,1
81308594,DE,1
81308594,NO,2
81324982,NO,6
81325430,NO,1
81325431,NO,1
81325431,RU,2
81325566,NO,1
81325759,NO,1
81326046,DE,3
81326128,NO,3
81326488,NO,2
81326591,FI,1
81326591,IT,1
81326591,NO,1
81326591,US,2
81326879,NO,1
81327303,GB,5
81327303,NO,2
81327653,NO,1
81328115,US,3
81328199,NO,2
81328200,NO,1
81344328,NO,1
81344337,NO,2
81344483,US,2
81344503,NO,1
81344859,GB,1
81344859,NO,1
81344898,GB,1
81344898,NO,1
81346368,NO,1
81346577,NO,1
81380893,NO,6
81384634,US,3
81384760,NO,1
81384781,FI,3
81385111,NO,1
81385111,SE,1
81386561,IN,1
81386561,US,3
81386647,NO,3
81386668,NO,3
81386760,DE,1
81386760,NO,1
81387099,NO,1
81388934,NO,4
81388984,NO,5
81388984,US,1
81389003,US,4
81389076,US,3
81389079,NO,7
81393173,NO,1
81448479,NO,3
81448479,SG,1
81448632,US,1
81448725,NO,1
81448775,NO,3
81448897,NO,1
81449275,GB,1
81449275,NO,1
81449402,NO,2
81454746,NO,1
81454746,SE,2
81579630,IT,1
81579630,NZ,2
81579635,NO,1
81580154,NO,4
81580233,NO,1
81580270,NO,4
81580295,NO,4
81580517,NO,2
81580604,NO,1
81580827,NO,1
81580827,SE,1
81580920,NO,2
81581049,NO,1
81581049,SE,1
81581143,NO,1
81581143,SE,1
81581549,NO,4
81585277,NO,1
81585445,NO,4
81585564,NO,1
81587255,NO,3
81588616,NO,2
81588790,NO,2
81595818,NO,6
81595823,NO,2
81597845,NO,1
81597914,NO,2
81598064,NO,1
81603506,NO,1
81603615,NO,2
81603727,NO,3
81603820,NO,2
81648083,GB,1
81648083,NO,1
81648377,CA,4
81648377,GB,2
81648377,NO,1
81648668,NO,1
81648712,NO,1
81648712,PL,1
81648712,US,3
81648753,NO,1
81648756,US,6
81653119,NO,2
81653470,NO,3
81653638,FI,1
81653638,NO,1
81654569,CA,2
81654569,NO,1
81654639,NO,3
81654666,NO,1
81654666,SE,3
81654701,LT,1
81654754,NO,1
81654754,US,5
81654963,FI,1
81654963,NO,1
81656899,NO,3
81658941,NO,1
81722278,NO,1
81748288,NO,1
81748332,NO,1
81748566,NO,2
81748742,BR,7
81748742,NO,1
81748770,US,3
81748833,NO,3
81750372,NO,1
81750431,IN,2
81750644,NO,2
81750644,SK,2
81755416,NO,2
81841920,NO,3
81841971,NL,2
81842114,DE,2
81842114,GB,1
81842114,NO,1
81846492,NO,1
81850269,NO,3
81850423,NO,5
81850937,DE,1
81851058,NO,3
81851424,NO,2
81851786,FR,6
81851951,BN,1
81851951,NO,3
81851961,CH,1
81852021,NO,3
81854365,PL,1
81854429,IN,2
81854429,NO,1
81854511,KR,1
81854511,NO,1
81854511,SE,1
81854561,KR,1
81854561,NO,1
81854561,SE,1
81927810,FR,2
81940399,NO,2
81940532,US,7
81940685,FI,3
81940685,NO,5
81940740,ES,3
81940740,NL,3
81940992,NO,3
81941029,NO,1
81941056,NO,1
81941057,NO,1
81941183,NO,2
81942679,NO,1
81942679,US,2
81943752,NO,2
81943752,US,2
81943850,NO,6
81943853,FI,1
81943896,NO,1
81943952,NO,1
81975344,RO,1
81975363,NO,3
81975364,NO,1
81984568,NO,2
82016277,NO,2
82016278,NO,2
82016296,NO,2
82016317,NO,4
82016364,NO,1
82016518,NO,5
82016537,NO,4
82016557,NO,4
82016574,NO,6
82016579,NO,1
82016622,NO,1
82019174,NO,1
82019386,IR,2
82019386,NO,1
82019693,NO,2
82019888,NO,4
82020037,FR,1
82020037,NO,1
82020091,NO,3
82020136,NO,2
82020824,NO,4
82020967,GB,2
82020967,NO,1
82021181,NO,1
82021181,US,1
82023435,NO,1
82024111,NO,1
82058188,NO,1
82058243,NO,1
82058327,NO,2
82058327,US,2
82058424,NO,2
82058424,US,2
82058491,NO,1
82067491,NO,1
82067531,NO,2
82100296,US,1
82100506,NO,3
82100708,NO,3
82115495,NO,1
82115521,NO,1
82115566,NO,3
82115571,NO,1
82115682,NO,2
82115682,SE,1
82115682,US,1
82115838,NO,1
82115841,NO,1
82117078,BE,1
82117078,NL,1
82117223,NO,3
82117448,DK,4
82117448,NO,1
82117448,US,3
82117604,NO,2
82156126,NO,3
82156162,GB,1
82156162,NO,2
82156174,NO,3
82156199,NO,1
82156204,NO,1
82156385,DK,1
82156720,NO,1
82163351,NO,1
82163379,NO,1
82196722,NO,1
82199329,DE,3
82199329,NO,4
82199334,DE,3
82199334,NO,4
82199505,NO,1
82214228,NO,2
82214350,NO,1
82220583,NO,1
82220654,NO,4
82258190,DK,1
82258192,NO,1
82258236,DK,1
82258334,NO,3
82258572,NO,3
82270634,NO,1
82270661,NO,5
82270661,US,1
82270675,NO,1
82308501,NO,2
82319609,NO,1
82319840,NO,1
82319860,NL,1
82319860,NO,1
82320063,NO,2
82321313,NO,3
82321401,NO,3
82321424,US,3
82321568,NO,1
82324047,NO,4
82324131,NO,5
82357374,NO,1
82357377,NO,3
82357379,NO,1
82357385,NO,6
82357393,NO,6
82357398,NO,3
82358432,NO,2
82358531,NO,6
82358547,NO,1
82358646,NO,1
82361296,NO,8
82385593,NO,4
82399210,NO,1
82399406,DE,1
82399406,NO,3
82399667,NO,2
82399708,NO,1
82403410,NL,8
82403410,NO,1
82403410,SE,13
82404009,NO,1
82404066,NO,3
82404145,NO,3
82404235,NO,2
82404265,US,1
82404571,NO,3
82448702,NO,2
82482532,NO,2
82482895,NO,2
82483026,NO,2
82483094,NL,1
82483094,NO,1
82483540,BE,2
82483540,ES,3
82483540,FR,4
82483540,PL,2
82492391,NO,2
82492426,NO,1
82492556,NO,1
82492654,NO,1
82492832,DE,1
82492832,NO,1
82492832,US,2
82492867,CN,3
82492867,NO,3
82493530,DE,1
82493863,NO,1
82494071,NO,3
82495684,NO,2
82495692,NO,2
82496202,FI,1
82496202,NO,2
82496277,NO,2
82546990,NO,1
82547539,BE,2
82548462,NO,2
82548970,NO,5
82549023,NO,2
82557899,NO,3
82594784,NO,2
82594970,NO,1
82595230,NO,1
82608433,NO,4
82608516,NO,1
82611111,NO,3
82653737,NO,1
82653738,NO,1
82653740,NO,2
82654901,IN,1
82655098,NO,4
82655111,NO,1
82655150,NO,3
82655181,NO,1
82693795,NO,1
82693796,NO,1
82693870,NO,1
82693949,NO,1
82701768,NO,1
82701768,SE,3
82701928,NO,1
82701991,NO,4
82702943,NO,9
82703084,NO,1
82704521,NO,3
82705247,BR,3
82705247,NO,1
82705269,NO,3
82705338,NO,2
82705339,NO,1
82705483,BR,3
82705483,NO,1
82705570,NO,1
82741651,NO,2
82741657,NO,1
82741702,AE,6
82741702,IT,1
82741702,NO,1
82748122,US,1
82780826,NL,3
82781111,NO,4
82786642,NO,2
82802511,NO,1
82802634,NO,3
82802653,NO,2
82838017,NO,3
82838019,NO,4
82838024,NO,2
82838128,DK,2
82838128,NO,1
82838980,NO,1
82839251,CH,1
82846144,NO,4
82846310,NO,1
82846328,GB,1
82846328,NO,1
82850657,NO,2
82851645,NO,4
82851717,NO,2
82898868,NO,1
82899025,NO,2
82899372,NO,1
82900535,US,2
82900631,FI,1
82931537,NO,2
82931542,NO,1
82931551,NO,1
82932396,NO,4
82932514,NO,1
82932766,NO,1
82939746,BE,1
82939746,FR,1
82939746,IT,2
82939922,NO,4
82940046,NO,1
82942524,CN,3
82942524,GB,1
82942524,NO,1
82942524,US,2
83004587,NO,1
83004735,NO,3
83004832,NO,12
83046391,NO,1
83048370,NO,2
83048398,NO,4
83048400,NO,1
83048401,NO,5
83050003,NO,1
83050003,US,1
83059139,NO,2
83081607,NO,1
83115333,NO,2
83115363,DE,1
83115363,NO,1
83115512,BE,1
83115512,NL,1
83115512,NO,3
83116964,US,2
83149127,NO,1
83149261,NO,1
83149420,NO,2
83151683,NO,1
83151773,DE,1
83151773,NO,1
83154365,NO,2
83154371,NO,2
83154375,NO,1
83154376,NO,1
83188077,NO,1
83188283,NO,2
83189239,MC,1
83189239,NO,1
83191828,ES,3
83191828,NL,3
83191856,NO,1
83191952,NO,1
83191999,GB,2
83191999,NO,4
83193207,NO,2
83193232,NO,1
83193236,NO,1
83193274,NO,1
83193330,NO,2
83193362,CA,3
83193362,NO,1
83193362,US,1
83193536,NO,2
83193543,NO,3
83193627,NO,3
83226352,NO,1
83226950,NO,2
83226953,NO,2
83226956,NO,2
83227280,NO,1
83228860,NO,1
83232598,DE,3
83232598,NO,2
83232796,AU,1
83265704,NO,2
83271101,DE,3
83271101,NO,2
83271154,DE,3
83271154,NO,2
83271166,KR,1
83271166,NO,1
83271166,SE,1
83271293,NO,1
83271346,NO,1
83271688,NO,1
83280286,BE,1
83280286,NL,1
83280286,NO,2
83280302,NO,3
83280424,NO,1
83280526,NO,1
83280530,BE,1
83280530,NL,1
83280530,NO,3
83283103,NO,4
83283191,BE,1
83283191,NL,1
83283191,NO,2
83285501,NO,2
83318880,NO,1
83318908,AU,1
83318998,AU,1
83321527,NO,4
83322546,NL,1
83322546,NO,1
83355291,NO,4
83355415,NO,2
83355527,NO,3
83355801,NO,1
83360893,NO,1
83361042,NO,1
83361222,NO,4
83361320,NO,1
83363180,US,1
83363246,US,1
83364984,FI,1
83380825,NO,3
83395966,NO,5
83395979,NO,1
83396100,NO,3
83396100,RO,1
83398157,NO,1
83398304,NO,2
83398425,NO,2
83398476,NO,1
83400691,NO,1
83400834,NO,3
83401951,NO,1
83438284,NO,1
83440063,NO,1
83440072,NO,1
83447795,US,4
83457483,NO,2
83459741,NO,4
83505504,CA,3
83505504,NO,1
83506257,NO,1
83507570,ES,1
83507570,GR,2
83507570,NO,5
83508729,NO,7
83545728,NO,2
83546808,US,1
83558022,NO,2
83558072,NO,3
83558073,NO,2
83558141,CA,1
83558141,CH,1
83558141,ES,1
83558141,NO,1
83558278,NO,2
83586993,NO,3
83594174,NO,1
83594243,BE,1
83594243,NO,3
83594243,SE,1
83598563,NO,2
83640899,NO,4
83640907,NO,1
83640917,NO,1
83657842,NO,2
83658162,NO,2
83688636,NO,2
83688643,NO,2
83689843,NO,1
83690003,NO,1
83690083,IT,3
83691075,FI,1
83691075,NO,4
83691075,SE,1
83691374,NO,1
83692955,NO,5
83693055,NO,2
83693155,BE,2
83693933,NO,1
83693933,US,2
83722551,NO,1
83722553,NO,3
83722556,NO,1
83722557,NL,1
83722557,NO,3
83723140,FR,2
83723140,NO,1
83808491,FI,1
83838579,NO,1
83847140,NO,6
83847143,NO,2
83848905,GB,1
83898077,NO,2
83898498,ES,2
83898498,NO,1
83899371,AU,4
83899371,US,1
83901259,NO,2
83901590,NO,1
83902117,NO,3
83902160,NO,1
83902222,NO,1
83903271,NO,2
83903310,NO,7
83903326,DE,2
83903326,NO,1
83931627,NO,2
83931666,NO,1
83931666,US,3
83931679,FR,4
83931702,GB,1
83931702,NO,1
83931726,NO,1
83931742,NO,1
83931742,US,1
83931862,NO,2
83931874,NO,1
83932887,NO,2
83932889,NO,6
83932892,NO,1
83932969,NO,2
83932969,US,1
83933415,NO,1
83945106,NO,2
83945204,NO,3
83978610,NO,1
83994952,DK,3
83995063,FR,1
83995063,NO,1
83995396,NO,3
83995521,NO,7
83996555,DE,2
83996555,NO,1
83996643,FI,2
83998677,US,1
83999582,NO,1
83999582,US,2
84000344,NO,4
84028775,NO,5
84028781,NO,1
84044118,NO,2
84044710,NO,1
84044871,NO,1
84045077,NO,2
84045093,NL,4
84045111,NO,1
84046074,NO,2
84047713,SE,1
84047781,NO,1
84102990,AE,1
84102990,BR,1
84102990,CN,3
84102990,GB,1
84102990,NO,1
84103488,GB,1
84103488,NO,2
84110344,NO,3
84140688,NO,1
84140693,NO,2
84140711,NO,1
84140824,US,1
84179481,NO,2
84195218,GB,2
84195218,NO,3
84195361,NO,1
84228310,NO,1
84230281,NO,1
84245750,NO,6
84245781,NO,1
84246047,AT,1
84246126,NO,5
84285060,NO,1
84286009,US,2
84286076,US,2
84322529,CA,1
84322529,NO,2
84323469,DM,1
84323471,NO,1
84323472,NO,1
84323475,NO,1
84329537,NO,4
84329593,NO,3
84329957,NO,1
84330049,NO,1
84330198,FI,1
84330198,NO,2
84330392,NO,1
84330699,NO,1
84330726,NO,1
84330791,IN,5
84330791,NO,1
84331088,NL,1
84331088,NO,1
84331622,NO,6
84331791,SE,8
84331882,NO,2
84332329,CN,1
84332329,NO,2
84358416,NO,1
84358440,BE,1
84358440,FR,1
84358440,IT,1
84358440,NL,3
84359663,NO,2
84359819,NO,5
84359885,NO,1
84360441,NO,2
84360637,GB,2
84360637,NO,1
84360701,NO,2
84361081,NO,1
84361120,NO,1
84361381,NO,2
84361923,NO,2
84362063,NO,1
84362151,NO,4
84362155,NO,1
84362198,FR,1
84362198,NO,1
84362429,NO,3
84362446,NO,4
84362527,NO,2
84362530,NO,1
84362609,NO,1
84363015,NO,3
84363227,NO,2
84363227,SE,1
84363675,NO,3
84363993,NO,2
84364003,NO,1
84365420,NO,4
84365420,US,4
84365428,NO,3
84365605,NO,1
84367351,NO,1
84367356,CA,1
84367356,DE,1
84367356,NO,1
84367356,US,1
84367489,GB,1
84367489,NO,3
84367565,NO,2
84367579,DE,1
84367579,NO,1
84369636,NO,1
84370164,NO,3
84370645,NO,6
84370827,NO,2
84387566,US,1
84387811,NO,1
84387933,US,1
84389249,NO,1
84389357,NO,1
84390937,NO,2
84390937,US,1
84421315,NO,1
84421414,GB,3
84421414,PK,1
84421564,NO,2
84439873,NO,1
84440068,NO,2
84440101,NO,3
84440101,PT,4
84462687,NO,6
84463136,GB,5
84463136,NO,2
84487455,NO,1
84487475,NO,1
84487539,NO,1
84487816,NO,8
84488049,NO,1
84488816,NO,5
84488816,US,1
84519385,NO,2
84519503,NO,1
84519697,BE,1
84519785,NO,2
84519860,NO,1
84519860,PL,1
84519954,NO,2
84526276,NO,4
84526278,NO,1
84526709,NO,1
84526709,US,3
84526777,NO,3
84534580,NO,5
84534778,NO,1
84534778,SE,1
84534804,NO,2
84535741,NO,3
84535861,NO,1
84537126,DK,3
84537126,NO,1
84539872,NO,1
84539966,NO,2
84540302,NO,1
84540471,NO,3
84540520,NO,5
84540558,NO,1
84540648,GB,2
84540648,NO,1
84540648,SE,3
84540650,GB,2
84540650,NO,1
84540650,SE,3
84540922,NO,1
84543084,NO,1
84544681,NO,1
84544683,NO,1
84544684,SE,1
84544814,NO,2
84544814,US,6
84544947,FR,1
84544947,NO,1
84544947,RO,1
84545910,FR,1
84545910,NO,1
84545910,US,5
84545916,FR,1
84545916,NO,1
84545916,US,5
84545920,FR,1
84545920,NO,1
84545920,US,5
84546105,NO,3
84546136,NO,1
84546256,NO,1
84546481,NO,2
84546484,NO,2
84569226,NO,3
84602319,NO,5
84602414,NO,1
84602637,NO,2
84602637,SE,2
84688156,NO,2
84688256,NO,2
84688281,DK,1
84688309,NO,1
84688325,NO,1
84689101,NO,2
84689242,NO,1
84689271,NO,1
84690703,GB,1
84690703,NO,1
84691996,NO,2
84691998,NO,3
84692002,NO,3
84693268,NO,1
84766987,NO,3
84767055,NL,1
84767055,NO,1
84767071,NO,1
84785196,NO,1
84799742,NO,1
84799814,NO,1
84799967,NO,1
84801836,NO,4
84801839,NO,4
84801842,NO,1
84801849,NO,4
84801856,NO,6
84801858,NO,1
84801862,NO,3
84801870,NO,1
84801873,NO,1
84817389,NO,1
84817486,NO,1
84817708,GB,2
84817708,NO,2
84817708,US,1
84817850,NL,1
84817850,NO,1
84817856,NO,1
84818101,NO,6
84818401,GB,2
84818401,NO,1
84818426,GB,2
84818426,NO,1
84818454,NO,4
84818592,GB,1
84818592,NO,1
84819845,NO,2
84820400,NO,1
84829497,US,3
84830110,NO,1
84830155,NO,1
84839735,NO,1
84839736,NO,1
84839738,NO,2
84839750,NO,1
84840046,NO,2
84887267,US,3
84887615,NO,1
84887804,NO,3
84888667,US,3
84888767,US,2
84888782,NO,2
84888805,NO,1
84888843,NO,1
84889036,NO,2
84889039,GB,1
84889039,NO,2
84889039,SE,1
84889064,NO,2
84889083,NO,4
84889130,NO,4
84889137,GB,2
84889137,NO,1
84889152,NO,3
84889152,SE,1
84889179,NO,1
84889593,NO,2
84901273,NO,4
84901362,NO,1
84901410,NO,2
84901510,NO,3
84901527,NO,1
84901591,NO,1
84901615,NO,1
84901637,NO,3
84919565,NO,1
84919567,NO,2
84923264,NO,1
84926255,NO,7
84926256,NO,1
84926480,US,1
84926513,NO,1
84926627,NO,1
84943638,NO,4
84974607,NO,2
84974613,NO,2
84974615,GB,2
84974615,NO,1
84974820,NO,1
84980529,NO,1
84980529,US,3
84981147,NO,1
84981598,NO,1
84981702,NO,2
84982067,NO,1
84982303,NO,5
84982579,NO,2
85017752,NO,2
85017752,US,1
85017831,NO,4
85018008,NO,1
85018269,NO,2
85018269,SE,1
85018330,NO,1
85018420,NO,2
85018420,SE,1
85018559,NO,3
85018814,NO,1
85019074,NO,3
85035973,NO,1
85035997,NO,2
85036040,NO,2
85036194,NO,1
85036446,NO,1
85036833,NO,3
85038682,NO,1
85076022,US,2
85076200,FR,5
85076200,NO,1
85076211,NO,3
85076336,US,4
85076447,FR,5
85076447,NO,1
85078622,NO,1
85085964,CA,3
85085964,NO,1
85087092,NO,1
85121924,NO,2
85129957,NO,1
85130174,NO,1
85130184,NO,1
85132921,DK,3
85150612,NO,1
85150688,NO,2
85155998,NO,1
85156004,IS,1
85156004,NO,4
85156037,NO,1
85156037,SE,1
85157210,NO,1
85157499,NO,1
85158924,NO,3
85160609,NO,2
85172699,FI,1
85172699,NO,2
85173073,NO,3
85174035,NO,4
85198830,NO,1
85199278,GR,1
85199278,IN,2
85199278,US,2
85200906,IS,1
85200906,NO,4
85200916,NO,3
85200918,NO,2
85202425,NO,2
85202426,NO,1
85221940,NO,4
85225044,NO,5
85225330,NO,1
85227406,NO,1
85229080,NO,1
85240839,NO,2
85240874,NO,2
85240955,GB,2
85240955,NO,1
85240955,SG,1
85277957,NO,1
85278118,NO,1
85278251,NO,2
85278365,NO,2
85283804,NO,3
85284980,SE,1
85285077,NO,2
85285077,SE,1
85285077,US,1
85285119,DE,1
85285119,NO,1
85285236,NO,2
85322024,NO,2
85322028,NO,3
85323219,NO,1
85323219,US,3
85323226,NO,3
85328647,DE,1
85328647,KE,1
85328647,NO,17
85328647,PL,1
85381234,NO,3
85381315,NO,1
85382708,NO,2
85383043,NO,2
85383049,US,8
85387134,NL,1
85387134,NO,1
85410101,NO,1
85410331,NO,1
85412976,NO,1
85415350,DE,1
85415350,NO,1
85461715,NO,1
85461715,SE,2
85476167,NO,2
85476261,NO,2
85476294,NO,2
85477925,NO,2
85478511,NO,2
85479528,GB,1
85479528,NO,3
85479528,US,1
85505422,NO,2
85506878,NO,1
85507075,NO,2
85507708,NO,2
85511085,NO,1
85511085,RO,1
85556810,IT,1
85556810,NO,6
85556810,US,1
85572871,NO,2
85603314,NO,1
85603316,NO,3
85603422,NO,3
85603562,FR,1
85603562,NO,1
85603562,US,1
85603566,FR,1
85603566,NO,1
85603566,US,2
85640846,NO,2
85641078,NO,1
85641807,NO,1
85641808,NO,5
85641809,NO,1
85685392,NO,5
85703617,NO,2
85703746,NO,5
85720995,NO,1
85721115,NO,2
85724679,NO,6
85724734,NO,1
85724873,NO,2
85727115,NO,7
85772061,NO,1
85772139,US,3
85772311,NO,1
85774431,NO,2
85783293,NO,2
85783296,NO,1
85783297,NO,3
85783304,NO,1
85792745,NO,1
85792794,NO,3
85796878,NO,1
85797205,NO,1
85797536,US,3
85797973,NO,2
85799539,NO,1
85799567,NO,3
85800547,NO,1
85800760,US,3
85800820,NO,2
85803672,IN,2
85803672,NO,1
85803672,US,1
85804561,NO,1
85804741,US,2
85936821,NO,1
85937021,NO,1
85937174,AT,1
85937390,NO,2
85937644,NO,2
85979675,NO,2
85979701,DE,1
85979701,NO,2
85979851,DE,1
85979851,NO,2
85980666,NO,1
85980716,NO,2
85982447,FI,1
85982447,NO,2
85982448,NO,1
85983027,NO,6
85985135,NO,3
85987613,NO,1
85987615,NO,3
85987618,NO,1
85987618,SE,1
85988852,NO,1
85988852,US,1
86008097,NO,1
86052143,NO,2
86055911,IN,3
86055911,NO,1
86057386,NO,2
86057386,US,1
86058436,NO,3
86058438,NO,1
86058443,NO,1
86058450,NO,1
86058491,NO,1
86058493,NO,1
86058507,NO,1
86059572,GB,2
86059572,NO,1
86097364,NO,2
86097367,NO,1
86099929,NO,2
86100984,NO,5
86158454,IN,5
86160204,AU,1
86160204,NO,2
86185143,CA,1
86185143,CH,1
86185143,ES,1
86185143,NO,1
86185382,NO,1
86226439,NO,2
86226811,NO,2
86226845,NO,1
86229023,US,4
86229725,US,2
86241453,NO,1
86241480,NO,1
86241930,NO,3
86241986,GB,1
86241986,IT,1
86241986,NO,1
86241986,US,2
86272285,NO,2
86272477,NO,4
86282729,NO,2
86285976,NO,3
86316315,FR,2
86324252,US,3
86328850,NO,2
86329437,NO,6
86329647,NO,5
86329935,NO,1
86331818,NO,3
86332188,NO,2
86336484,NO,1
86336502,NO,1
86336511,NO,2
86336513,NO,3
86378268,NO,1
86382646,NO,1
86382684,NO,2
86382689,NO,1
86382690,NO,1
86382764,NO,2
86382981,NO,3
86387114,NO,1
86397548,NO,5
86397555,NO,2
86397556,NO,2
86397557,NO,1
86397565,NO,1
86397593,NO,1
86397593,SE,1
86397669,FR,1
86397669,NO,2
86397669,US,4
86397933,NO,2
86397933,US,2
86424661,NO,4
86424661,SE,1
86424664,NO,1
86424897,NO,1
86426168,NO,1
86497585,DE,1
86497585,NO,1
86497710,NO,4
86499756,FI,3
86499913,IN,5
86499913,NO,1
86540228,NO,5
86546567,NO,1
86548533,NO,1
86558836,BE,1
86558836,NO,1
86603877,NO,3
86605075,NO,1
86605233,NO,2
86605316,NO,4
86608414,NO,1
86608414,US,1
86609564,NO,3
86612870,US,1
86646504,NO,1
86657167,NO,2
86657376,BE,1
86692777,NO,1
86692955,NO,1
86693050,NO,5
86693792,NO,1
86693844,NO,3
86693845,NO,2
86693930,NO,1
86693930,US,1
86693961,IN,3
86693961,NO,1
86695162,NO,1
86695162,SG,2
86710670,NO,5
86710723,NL,3
86710777,NO,2
86729205,NO,1
86730827,NO,2
86730827,SE,1
86730870,NO,1
86730878,NO,1
86730880,NO,2
86730882,NO,2
86730883,NO,2
86730885,FI,1
86732068,NO,3
86732553,NO,2
86732723,NO,2
86733429,NO,2
86760240,NL,3
86760595,NO,1
86763409,NO,3
86764517,US,5
86764634,NO,2
86764667,NO,1
86764738,NO,2
86764818,NO,1
86767578,NO,2
86768230,NO,2
86768230,SE,1
86771333,NO,1
86771338,NO,2
86771342,NO,1
86773217,NO,5
86773219,NO,5
86773220,US,1
86773468,NO,1
86773468,US,1
86775363,BD,2
86775363,DE,1
86775363,IN,1
86775363,NO,1
86851452,NO,3
86861714,NO,3
86862100,NO,1
86895752,NO,5
86895753,NO,1
86898145,US,2
86899166,NO,1
86903241,NO,1
86903252,NO,1
86903254,NO,1
86903259,NO,1
86903264,NO,2
86903267,NO,2
86903439,NO,1
86903950,NO,1
86904000,NO,3
86904054,DE,1
86904054,IN,1
86904054,NO,2
86904054,US,1
86904073,NO,2
86904073,PL,1
86904394,NO,2
86942010,NO,1
86942377,NO,1
86942897,NO,1
86949056,NO,2
86949116,NO,1
86949118,NO,1
86999813,NO,2
86999829,BY,1
86999829,NO,1
87001786,NO,2
87001850,NO,1
87001907,NO,3
87002998,NO,1
87003152,NO,1
87035943,NO,1
87035943,US,1
87036043,NO,2
87036963,NO,2
87036967,DE,3
87036967,NO,1
87036970,NO,2
87037343,NO,3
87059803,NO,2
87059806,NO,1
87060118,NO,1
87060723,NO,3
87068787,NO,2
87070496,NO,2
87074598,NO,1
87074742,NO,2
87136887,NO,2
87136914,NO,1
87155665,NO,1
87157013,NO,1
87157881,NO,2
87158083,NO,2
87160462,NO,1
87161489,NO,1
87162201,NO,3
87163338,NO,2
87163338,US,3
87196211,DK,1
87196211,NO,1
87196336,NO,1
87201932,NO,2
87201988,NO,2
87245461,DK,1
87245461,NO,1
87245562,NO,5
87245620,DK,2
87245620,NO,1
87312601,NO,2
87312887,NO,1
87348612,NO,1
87348617,NO,1
87377700,FR,1
87377700,NO,1
87377700,US,3
87377966,NO,1
87378624,NO,1
87378625,NO,1
87418866,NO,1
87419357,NO,1
87419358,NO,4
87424130,NO,2
87424131,NO,1
87430510,NO,3
87430510,SG,1
87430510,US,2
87430599,NO,3
87430599,SG,1
87430599,US,2
87430779,NO,3
87430779,SG,1
87430779,US,2
87431537,US,2
87431629,NO,1
87431651,NO,1
87432030,IN,3
87432030,NO,1
87468463,NO,2
87468469,NO,1
87468524,NO,3
87468600,NO,2
87472293,NO,2
87472298,NO,2
87472322,NO,2
87472344,NO,1
87472346,NO,1
87472346,SE,1
87472347,NO,2
87473724,NO,2
87473727,NO,2
87474048,NO,3
87474092,NO,2
87513982,NO,2
87514204,NO,2
87514244,NO,6
87517025,NO,1
87517025,PL,1
87517293,NO,2
87517433,NO,4
87519710,NO,2
87519911,NO,6
87521786,NO,1
87521786,US,2
87521808,NO,2
87521966,NO,1
87552676,NO,1
87552677,NO,1
87553504,NO,1
87553505,NO,2
87553506,NO,1
87554176,NO,1
87554589,NO,1
87554791,NO,4
87557311,NO,2
87557792,NO,1
87559274,NO,2
87559323,GB,1
87559323,NO,1
87559323,SG,1
87559323,US,1
87559733,CN,1
87559733,NO,2
87559748,NO,1
87560972,US,2
87560996,US,6
87561101,US,11
87564855,NO,2
87567711,NO,1
87568924,NO,1
87568926,NO,1
87571053,PT,10
87571094,NO,1
87573777,US,1
87573802,NO,1
87573806,NO,1
87574881,NO,19
87575113,NO,1
87577953,JP,2
87577953,NO,1
87578710,NO,1
87578752,NO,3
87580140,DK,2
87580140,NO,1
87643911,NO,1
87695987,NO,2
87760171,NO,2
87760207,AU,2
87760207,FI,1
87760207,NO,1
87760224,DE,5
87760224,NO,1
87760285,NO,2
87760285,US,3
87760543,NO,1
87762294,NO,1
87762686,AT,2
87762686,NO,2
87762763,NO,2
87762940,NO,2
87762973,NO,2
87766515,NO,3
87797661,NO,2
87802082,NO,1
87802083,NO,1
87803516,NO,4
87803643,NO,1
87803662,GB,1
87845555,NO,5
87845555,US,1
87845615,NO,2
87848052,NO,2
87850120,NO,1
87850120,US,1
87863560,NO,2
87863592,NO,3
87863663,NO,1
87884081,NO,1
87884085,NO,1
87886652,NO,1
87886686,NO,2
87886696,NO,1
87886921,NO,1
87888088,NO,1
87888093,NO,1
87930859,NO,1
87930859,US,4
87932159,NO,1
87933557,NO,3
87933868,NO,3
87934417,NO,1
87935544,NO,2
87935593,NO,2
87935594,NO,1
87935595,NO,1
87974641,NO,3
87974657,NO,3
87975470,NO,3
87975489,NO,1
87975712,NO,4
88012220,NO,1
88020934,NO,1
88023905,US,5
88060616,NO,2
88064656,NO,3
88064677,HU,1
88067497,NO,2
88068341,US,3
88068451,US,9
88068917,NO,4
88069409,NO,4
88069678,NO,3
88093107,NO,4
88093144,NO,1
88094711,GB,3
88094711,US,1
88095846,US,5
88096533,IN,3
88096533,NO,1
88101915,NO,1
88101915,SE,1
88143904,NO,1
88143943,NO,1
88143944,NO,1
88144554,NO,1
88146812,NO,1
88189661,NO,1
88192202,NO,1
88192291,NO,3
88193179,NO,1
88194133,NO,4
88194460,GB,1
88194460,NO,1
88194460,SE,1
88194460,US,1
88194470,GB,1
88194470,NO,1
88194470,SE,1
88194470,US,1
88194977,NO,1
88194977,US,2
88194981,NO,1
88194981,US,4
88194996,NO,1
88194996,US,2
88195003,NO,1
88195003,US,3
88195067,NO,2
88197003,NO,2
88203231,NO,1
88204263,NO,1
88204414,NO,2
88204415,NO,1
88237341,NO,2
88237498,NO,1
88237748,NO,1
88239055,NO,1
88287269,NO,1
88291842,NO,1
88297034,US,7
88297326,NO,2
88297327,NO,3
88297328,NO,6
88297329,NO,1
88307068,NO,1
88307069,NO,1
88307088,NO,1
88307732,DE,4
88307732,NO,1
88315436,NO,1
88315776,NO,5
88315883,NO,1
88372548,NO,2
88372549,NO,1
88372550,NO,1
88405031,NO,1
88412321,NO,1
88414832,US,6
88417123,AT,1
88417123,NO,2
88420214,NO,5
88466563,AT,1
88466563,NO,2
88468966,NO,1
88469728,EC,1
88469728,NO,1
88469728,PL,8
88504989,NO,1
88505303,NO,1
88506538,NO,1
88506998,NO,1
88507021,NO,1
88511907,NO,2
88512106,NO,3
88517342,NO,2
88517479,NO,2
88519332,NO,1
88519342,NO,1
88558404,NO,1
88558570,NO,1
88564017,NO,1
88564018,NO,1
88564019,NO,1
88600651,NO,2
88648578,US,1
88648901,NO,1
88650745,NO,7
88651410,NO,1
88689913,NO,2
88689941,NO,2
88690241,NO,1
88695472,NO,1
88695496,NO,1
88695532,US,5
88695592,NO,1
88695672,NO,2
88730602,NO,4
88730664,NO,1
88730677,NO,4
88731430,NO,2
88731432,NO,3
88731432,SA,1
88745797,NO,2
88745798,NO,2
88777737,NO,1
88778527,NO,1
88779310,NO,1
88792303,IT,1
88792303,NO,1
88792303,US,3
88792998,NO,1
88793193,NO,3
88793261,NO,1
88835617,NO,1
88835877,NO,1
88836573,NO,1
88837159,NO,2
88838970,NO,1
88839869,NO,1
88839931,NO,1
88839932,NO,1
88839937,NO,1
88863432,NO,3
88874460,NO,2
88874865,NO,2
88874960,NO,1
88876392,NO,3
88876420,NO,1
88876420,US,8
88877339,NO,1
88877934,US,1
88919608,NO,1
88923596,NO,1
88965230,NO,1
88969494,NO,1
88969820,NO,2
88974957,US,1
88975422,NO,2
88976229,NO,3
88977449,NO,1
88977449,SA,1
88977466,NO,1
88977466,US,3
88978326,NO,2
88978434,NO,1
88978458,NO,1
89029748,NO,5
89030135,NO,1
89030136,NO,1
89030138,NO,1
89030139,NO,6
89068353,LT,4
89068691,NO,1
89069285,NO,1
89069667,NO,1
89073267,NO,8
89073669,NO,1
89076162,NO,3
89076426,NO,3
89077261,US,2
89077372,NO,1
89077372,US,2
89077383,CA,2
89077383,KE,1
89077383,MX,1
89077383,NO,2
89077383,RO,1
89118755,NO,2
89118756,NO,4
89118759,NO,2
89118759,SE,1
89119582,NO,2
89121454,NO,1
89121757,NO,3
89122021,NO,3
89122166,NO,3
89146926,NO,6
89146927,NO,1
89146928,NO,5
89157898,NO,3
89157898,SA,1
89158735,NO,1
89158980,NO,3
89158993,NO,4
89159390,NO,1
89159394,NO,1
89170160,US,2
89191705,NO,1
89223371,NO,2
89223699,NO,1
89223764,NO,7
89223798,NO,4
89223928,NO,1
89307366,NO,1
89307367,CA,1
89307367,NO,2
89324075,NO,1
89324075,US,1
89380319,NO,1
89380343,NO,1
89381038,GB,1
89381038,NO,1
89381038,US,1
89381042,NO,1
89381042,US,4
89381205,NO,1
89381208,NO,1
89381210,NO,1
89384424,NO,4
89384425,NO,1
89386315,NO,1
89426963,NO,3
89428665,NO,1
89429928,NO,2
89430485,NO,2
89430519,NO,2
89432752,NO,1
89433813,GB,1
89452437,NO,1
89452600,NO,2
89453888,NO,1
89453891,NO,2
89473350,NO,1
89473444,NO,3
89473993,NO,2
89493229,ES,1
89493229,NO,1
89493229,US,1
89507486,NO,3
89507533,NO,1
89507632,NO,1
89508877,NO,1
89508937,NO,2
89508939,NO,1
89508961,NO,2
89509705,NO,1
89510091,GB,1
89510091,IE,3
89510091,NO,1
89510469,US,2
89535689,CA,1
89535689,CH,1
89535689,ES,1
89535689,NO,1
89535906,NO,4
89535947,NO,5
89537178,NO,2
89537182,NO,1
89541321,NO,1
89573860,FR,2
89573860,NO,1
89573860,RO,2
89573860,US,1
89619962,NO,2
89648249,NO,1
89648250,NO,1
89648251,NO,1
89658325,NO,1
89658771,NO,1
89661356,NO,1
89662277,NO,1
89663044,NO,2
89707093,NO,1
89718004,NO,1
89718005,NO,1
89718006,NO,1
89720027,NO,1
89722926,NO,1
89751940,NO,1
89767475,SE,1
89768240,NO,2
89769722,CA,3
89769722,GB,1
89770363,NO,2
89770363,US,3
89808638,NO,2
89843965,NO,5
89846906,US,1
89847243,GB,1
89847243,NO,1
89854305,NO,1
89855868,NO,1
89906799,CH,1
89906799,NO,1
89906799,US,4
89907091,NO,2
89908407,NO,1
89941998,NO,1
89942008,NO,1
89942689,NO,3
89942690,NO,3
89942691,NO,1
89985081,IN,2
89985081,NO,1
89995487,NO,1
89995487,US,2
90013846,NO,2
90038817,NO,1
90086737,NO,1
90098444,NO,1
90098505,NO,1
90140795,NO,1
90141824,NO,1
90141824,SG,1
90141824,US,1
90243479,NO,1
90244897,US,1
90300563,PK,1
90345587,NO,2
90359174,NO,1
90360450,CN,1
90360450,NO,3
90360987,NO,2
90360987,US,1
90366879,NO,3
90453469,MT,2
90453469,NO,1
90453470,NO,1
90454757,NO,1
90470592,FI,1
90470592,NO,1
90470848,NO,1
90470848,US,2
90471714,NO,1
90472229,US,4
90478827,NO,1
90478835,NO,7
90526515,NO,1
90526516,NO,1
90526517,NO,1
90526518,NO,1
90526519,NO,1
90526520,NO,4
90526737,NO,1
90556510,NO,2
90566959,NO,2
90574545,NO,9
90575234,NO,5
90608414,NO,1
90608417,NO,1
90608427,DK,1
90608431,NO,5
90608448,NO,1
90668342,NO,1
90670060,NO,2
90714505,NO,1
90714506,NO,1
90728975,NO,2
90827158,NO,1
90833716,DE,1
90833716,DK,1
90833716,NO,3
90833843,NO,4
90898350,IN,4
90898350,NO,3
90911576,NO,1
90927424,NO,3
90927841,NO,1
90927841,US,1
90931142,NO,3
90970795,NO,1
90970797,NO,1
91027663,NO,1
91028211,NO,1
91049131,NO,1
91049131,SE,1
91070352,NO,1
91073713,NO,2
91075117,NO,1
91075118,NO,1
91079527,NO,1
91079527,US,1
91080319,NO,2
91080319,US,1
91085138,NO,2
91085147,NO,1
91085161,NL,1
91130355,NO,1
91130364,NO,1
91196378,NO,1
91196416,NO,1
91196427,NO,1
91258166,NO,1
91258167,GB,1
91258167,NO,1
91278756,FR,1
91278756,NO,1
91279445,NO,1
91279445,SG,1
91279445,US,2
91280232,NO,2
91323023,DK,2
91323023,NO,1
91335161,NO,1
91335162,NO,3
91335163,NO,1
91335926,NO,2
91379791,GB,1
91379791,NO,6
91382314,NL,1
91382314,NO,3
91432202,NO,1
91432203,NO,1
91433673,NO,2
91473097,NO,4
91486190,NO,1
91486216,NO,4
91486220,NO,1
91530369,NO,1
91530370,NO,1
91538774,NO,1
91538775,NO,1
91539588,NO,1
91539742,NO,2
91583578,DE,1
91583578,NO,1
91585071,CN,3
91585071,NO,2
91589633,NO,2
91621346,NO,2
91621347,NO,1
91622740,NO,2
91644030,NO,2
91647717,IN,5
91647717,NO,3
91700689,NO,1
91700690,NO,2
91718578,NO,3
91719563,NO,1
91719564,NO,1
91835290,NO,1
91845330,NO,4
91845610,NO,1
91845610,US,3
91924614,NO,1
91934015,NO,1
91934015,US,3
91959517,NO,1
91959518,NO,1
91960040,NO,3
91964614,NO,1
92539261,NO,2
92539310,NO,1
92634649,NO,2
92893848,NO,1
92931180,HU,1
92931180,NO,1
93011202,NO,1
93285385,NO,1
93285385,US,3
93932088,NO,1
94174178,NO,1
94174178,US,3
94322274,NO,1
94477754,ES,1
94477754,NO,2
94477787,NO,2
