docdb_family_id,appln_id,appln_filing_year,appln_auth,appln_nr,docdb_family_size,earliest_publn_date,nb_applicants,nb_inventors,person_ctry_code,person_name,person_id,doc_std_name_id,psn_sector,applt_seq_nr,invt_seq_nr
30117093,2620381,2003,AU,2003251316,22,2004-01-23,1,4,US,"Genetronics, Inc.",7710489,84326,COMPANY,1,0
30117093,2620381,2003,AU,2003251316,22,2004-01-23,1,4,  ,IACOB MATHIESEN,14295146,152776,INDIVIDUAL,0,2
30117093,2620381,2003,AU,2003251316,22,2004-01-23,1,4,  ,"TORUNN, ELISABETH TJELLE",14762926,152777,,0,3
30117093,2620381,2003,AU,2003251316,22,2004-01-23,1,4,  ,BJORN DAVID-ANDERSEN,14851113,842179,,0,1
30117093,2620381,2003,AU,2003251316,22,2004-01-23,1,4,  ,"KNUT, ARVID, SORENSEN REKDAHL",14851114,842178,,0,4
30117093,3507595,2003,BR,0312459,22,2005-08-02,1,4,  ,IACOB MATHIESEN,14295146,152776,INDIVIDUAL,0,1
30117093,3507595,2003,BR,0312459,22,2005-08-02,1,4,  ,BJORN DAVID-ANDERSEN,14851113,842179,,0,4
30117093,3507595,2003,BR,0312459,22,2005-08-02,1,4,  ,TORUNN ELISABETH TJELLE,15094870,152777,,0,2
30117093,3507595,2003,BR,0312459,22,2005-08-02,1,4,NO,INOVIO AS,15446363,842176,COMPANY,1,0
30117093,3507595,2003,BR,0312459,22,2005-08-02,1,4,  ,KNUT ARVID SORENSEN BEKDAHL,15446364,5479112,,0,3
30117093,4869287,2003,CA,2491000,22,2004-01-15,1,4,NO,INOVIO AS,15446363,842176,COMPANY,1,0
30117093,4869287,2003,CA,2491000,22,2004-01-15,1,4,NO,"MATHIESEN, IACOB",16611647,152776,INDIVIDUAL,0,1
30117093,4869287,2003,CA,2491000,22,2004-01-15,1,4,NO,"TJELLE, TORUNN ELISABETH",16803180,152777,,0,2
30117093,4869287,2003,CA,2491000,22,2004-01-15,1,4,NO,"DAVID-ANDERSEN, BJORN",16821825,842179,,0,4
30117093,4869287,2003,CA,2491000,22,2004-01-15,1,4,NO,"REKDAHL, KNUT ARVID SORENSEN",16821826,842178,,0,3
30117093,7062006,2003,CN,03820724,22,2005-10-05,1,4,  ,INOVIO AS,14762925,842176,COMPANY,1,0
30117093,7062006,2003,CN,03820724,22,2005-10-05,1,4,  ,MATHIESEN IACOB,18690936,152776,INDIVIDUAL,0,1
30117093,7062006,2003,CN,03820724,22,2005-10-05,1,4,  ,TJELLE TORUNN ELIZABETH,18690937,7056640,,0,2
30117093,7062006,2003,CN,03820724,22,2005-10-05,1,4,  ,REKDAHL KNUT ARVID SORENSEN,18690938,7056641,,0,3
30117093,7062006,2003,CN,03820724,22,2005-10-05,1,4,  ,DAVID-ANDERSEN BJORN,18690939,7056642,,0,4
30117093,16064350,2003,EP,03762794,22,2005-04-06,1,4,US,"Genetronics, Inc.",208407,84326,COMPANY,1,0
30117093,16064350,2003,EP,03762794,22,2005-04-06,1,4,NO,"MATHIESEN, Iacob",1123220,152776,,0,1
30117093,16064350,2003,EP,03762794,22,2005-04-06,1,4,NO,"TJELLE, Torunn, Elisabeth",1489794,152777,,0,2
30117093,16064350,2003,EP,03762794,22,2005-04-06,1,4,NO,"REKDAHL, Knut, Arvid, Sorensen",1489795,842178,,0,3
30117093,16064350,2003,EP,03762794,22,2005-04-06,1,4,NO,"DAVID-ANDERSEN, Bjorn",1489796,842179,,0,4
30117093,21406278,2003,WO,0302887,22,2004-01-15,6,4,NO,INOVIO AS,15446363,842176,COMPANY,1,0
30117093,21406278,2003,WO,0302887,22,2004-01-15,6,4,NO,"MATHIESEN, IACOB",16611647,152776,INDIVIDUAL,2,1
30117093,21406278,2003,WO,0302887,22,2004-01-15,6,4,NO,"TJELLE, TORUNN, ELISABETH",25658398,152777,INDIVIDUAL,3,2
30117093,21406278,2003,WO,0302887,22,2004-01-15,6,4,NO,"REKDAHL, KNUT, ARVID, SOERENSEN",27980476,3482124,INDIVIDUAL,4,3
30117093,21406278,2003,WO,0302887,22,2004-01-15,6,4,NO,"DAVID-ANDERSEN, BJOERN",27980477,10974260,INDIVIDUAL,5,4
30117093,21406278,2003,WO,0302887,22,2004-01-15,6,4,GB,"POWER, PHILIPPA",27980478,842177,INDIVIDUAL,6,0
30117093,41344030,2003,MX,PA05000155,22,2006-02-28,1,1,NO,INOVIO AS,15446363,842176,COMPANY,1,0
30117093,41344030,2003,MX,PA05000155,22,2006-02-28,1,1,NO,"MATHIESEN, IACOB",16611647,152776,INDIVIDUAL,0,1
30117093,52215681,2003,US,61230403,22,2004-03-25,1,4,US,Inovio AS,5898121,842176,COMPANY,1,0
30117093,52215681,2003,US,61230403,22,2004-03-25,1,4,NO,"Mathiesen, Iacob",9149577,152776,,0,1
30117093,52215681,2003,US,61230403,22,2004-03-25,1,4,NO,"Tjelle, Torunn",9149578,3482123,,0,2
30117093,52215681,2003,US,61230403,22,2004-03-25,1,4,NO,"Rekdahl, Knut Arvid SÃ¸rensen",9149579,3482124,,0,3
30117093,52215681,2003,US,61230403,22,2004-03-25,1,4,NO,"David-Andersen, BjÃ¸m",9149580,3482125,,0,4
30117093,54440519,2007,US,98582507,22,2008-09-25,1,4,NO,"Mathiesen, Iacob",5773218,152776,INDIVIDUAL,0,1
30117093,54440519,2007,US,98582507,22,2008-09-25,1,4,US,Inovio AS,5898121,842176,COMPANY,1,0
30117093,54440519,2007,US,98582507,22,2008-09-25,1,4,NO,"Tjelle, Torunn",10723903,3482123,,0,2
30117093,54440519,2007,US,98582507,22,2008-09-25,1,4,NO,"Rekdahl, Knut Arvid Sorensen",10723904,842178,INDIVIDUAL,0,3
30117093,54440519,2007,US,98582507,22,2008-09-25,1,4,NO,"David-Andersen, Bjorn",10723905,842179,INDIVIDUAL,0,4
30117093,57872860,2003,EA,200401558,22,2006-08-25,1,4,NO,MATHIESEN IACOB,64122667,152776,,0,1
30117093,57872860,2003,EA,200401558,22,2006-08-25,1,4,NO,"TJELLE TORUNN, ELISABETH",64150788,152777,,0,2
30117093,57872860,2003,EA,200401558,22,2006-08-25,1,4,NO,"REKDAHL KNUT, ARVID, SORENSEN",67375015,842178,,0,3
30117093,57872860,2003,EA,200401558,22,2006-08-25,1,4,NO,DAVID-ANDERSEN BJORN,69176295,842179,,0,4
30117093,57872860,2003,EA,200401558,22,2006-08-25,1,4,NO,INOVIO A/S,69176377,842176,COMPANY,1,0
30117093,57976556,2003,NZ,56230603,22,2009-06-26,1,4,  ,INOVIO AS,14762925,842176,COMPANY,1,0
30117093,57976556,2003,NZ,56230603,22,2009-06-26,1,4,  ,"TJELLE, TORUNN ELISABETH",15094866,152777,,0,2
30117093,57976556,2003,NZ,56230603,22,2009-06-26,1,4,  ,"MATHIESEN, IACOB",15094867,152776,,0,1
30117093,57976556,2003,NZ,56230603,22,2009-06-26,1,4,  ,"REKDAHL, KNUT ARVID SORENSEN",40854640,842178,,0,3
30117093,57976556,2003,NZ,56230603,22,2009-06-26,1,4,  ,"DAVID-ANDERSEN, BJORN",40854641,842179,,0,4
30117093,58020011,2009,AU,2009202678,22,2009-07-23,1,4,US,"Genetronics, Inc.",7710489,84326,COMPANY,1,0
30117093,58020011,2009,AU,2009202678,22,2009-07-23,1,4,  ,"TJELLE, TORUNN ELISABETH",15094866,152777,,0,2
30117093,58020011,2009,AU,2009202678,22,2009-07-23,1,4,  ,"MATHIESEN, IACOB",15094867,152776,,0,1
30117093,58020011,2009,AU,2009202678,22,2009-07-23,1,4,  ,"REKDAHL, KNUT ARVID SORENSEN",40854640,842178,,0,3
30117093,58020011,2009,AU,2009202678,22,2009-07-23,1,4,  ,"DAVID-ANDERSEN, BJORN",40854641,842179,,0,4
30117093,58110886,2003,NZ,56657803,22,2009-07-31,1,4,  ,INOVIO AS,14762925,842176,COMPANY,1,0
30117093,58110886,2003,NZ,56657803,22,2009-07-31,1,4,  ,"TJELLE, TORUNN ELISABETH",15094866,152777,,0,2
30117093,58110886,2003,NZ,56657803,22,2009-07-31,1,4,  ,"MATHIESEN, IACOB",15094867,152776,,0,1
30117093,58110886,2003,NZ,56657803,22,2009-07-31,1,4,  ,"REKDAHL, KNUT ARVID SORENSEN",40854640,842178,,0,3
30117093,58110886,2003,NZ,56657803,22,2009-07-31,1,4,  ,"DAVID-ANDERSEN, BJORN",40854641,842179,,0,4
30117093,277529665,2009,JP,2009279074,22,2010-03-11,1,4,  ,INOVIO AS,14762925,842176,COMPANY,1,0
30117093,277529665,2009,JP,2009279074,22,2010-03-11,1,4,  ,MATHIESEN IACOB,18690936,152776,INDIVIDUAL,0,1
30117093,277529665,2009,JP,2009279074,22,2010-03-11,1,4,  ,REKDAHL KNUT ARVID SORENSEN,18690938,7056641,,0,3
30117093,277529665,2009,JP,2009279074,22,2010-03-11,1,4,  ,DAVID-ANDERSEN BJORN,18690939,7056642,,0,4
30117093,277529665,2009,JP,2009279074,22,2010-03-11,1,4,  ,TJELLE TORUNN ELISABETH,40499037,152777,,0,2
30117093,410821876,2003,DK,03762794,22,2013-09-30,1,4,US,"Genetronics, Inc.",7710489,84326,COMPANY,1,0
30117093,410821876,2003,DK,03762794,22,2013-09-30,1,4,NO,"MATHIESEN, IACOB",16611647,152776,INDIVIDUAL,0,1
30117093,410821876,2003,DK,03762794,22,2013-09-30,1,4,NO,"DAVID-ANDERSEN, BJORN",16821825,842179,,0,4
30117093,410821876,2003,DK,03762794,22,2013-09-30,1,4,NO,"TJELLE, TORUNN, ELISABETH",25658398,152777,INDIVIDUAL,0,2
30117093,410821876,2003,DK,03762794,22,2013-09-30,1,4,NO,"REKDAHL, KNUT, ARVID, SORENSEN",46781498,842178,,0,3
30117093,411940182,2003,ES,03762794,22,2013-11-12,2,4,US,"Genetronics, Inc.",7710489,84326,COMPANY,2,0
30117093,411940182,2003,ES,03762794,22,2013-11-12,2,4,  ,"MATHIESEN, IACOB",15094867,152776,,0,1
30117093,411940182,2003,ES,03762794,22,2013-11-12,2,4,NO,INOVIO AS,15446363,842176,COMPANY,1,0
30117093,411940182,2003,ES,03762794,22,2013-11-12,2,4,  ,"DAVID-ANDERSEN, BJORN",40854641,842179,,0,4
30117093,411940182,2003,ES,03762794,22,2013-11-12,2,4,  ,"TJELLE, TORUNN",46839047,3482123,,0,2
30117093,411940182,2003,ES,03762794,22,2013-11-12,2,4,  ,"REKDAHL, KNUT",46839048,21195024,,0,3
30117093,419019035,2005,HK,05108751,22,2005-11-18,1,4,  ,IACOB MATHIESEN,14295146,152776,INDIVIDUAL,0,1
30117093,419019035,2005,HK,05108751,22,2005-11-18,1,4,  ,BJORN DAVID-ANDERSEN,14851113,842179,,0,4
30117093,419019035,2005,HK,05108751,22,2005-11-18,1,4,  ,TORUNN ELISABETH TJELLE,15094870,152777,,0,2
30117093,419019035,2005,HK,05108751,22,2005-11-18,1,4,US,GENETRONICS INC.,18657185,84326,COMPANY,1,0
30117093,419019035,2005,HK,05108751,22,2005-11-18,1,4,  ,KNUT ARVID SORENSEN REKDAHL,40878350,842178,,0,3
30117093,458824852,2016,US,201615048314,22,2016-07-28,5,4,NO,"Mathiesen, Iacob",5773218,152776,INDIVIDUAL,1,1
30117093,458824852,2016,US,201615048314,22,2016-07-28,5,4,NO,"Rekdahl, Knut Arvid Sorensen",10723904,842178,INDIVIDUAL,3,3
30117093,458824852,2016,US,201615048314,22,2016-07-28,5,4,NO,"David-Andersen, Bjorn",10723905,842179,INDIVIDUAL,4,4
30117093,458824852,2016,US,201615048314,22,2016-07-28,5,4,NO,"Tjelle, Torunn E.",12140332,418020,INDIVIDUAL,2,2
30117093,458824852,2016,US,201615048314,22,2016-07-28,5,4,NO,INOVIO AS,15446363,842176,COMPANY,5,0
30117093,480351064,2003,CA,2970044,22,2004-01-15,1,4,NO,INOVIO AS,15446363,842176,COMPANY,1,0
30117093,480351064,2003,CA,2970044,22,2004-01-15,1,4,NO,"MATHIESEN, IACOB",16611647,152776,INDIVIDUAL,0,1
30117093,480351064,2003,CA,2970044,22,2004-01-15,1,4,NO,"TJELLE, TORUNN ELISABETH",16803180,152777,,0,2
30117093,480351064,2003,CA,2970044,22,2004-01-15,1,4,NO,"DAVID-ANDERSEN, BJORN",16821825,842179,,0,4
30117093,480351064,2003,CA,2970044,22,2004-01-15,1,4,NO,"REKDAHL, KNUT ARVID SORENSEN",16821826,842178,,0,3
30117093,522236258,2019,US,201916531908,22,2019-11-21,1,4,NO,"Mathiesen, Iacob",5773218,152776,INDIVIDUAL,0,1
30117093,522236258,2019,US,201916531908,22,2019-11-21,1,4,NO,"Rekdahl, Knut Arvid Sorensen",10723904,842178,INDIVIDUAL,0,3
30117093,522236258,2019,US,201916531908,22,2019-11-21,1,4,NO,"David-Andersen, Bjorn",10723905,842179,INDIVIDUAL,0,4
30117093,522236258,2019,US,201916531908,22,2019-11-21,1,4,NO,"Tjelle, Torunn E.",12140332,418020,INDIVIDUAL,0,2
30117093,522236258,2019,US,201916531908,22,2019-11-21,1,4,US,"Inovio Pharmaceuticals, Inc.",48380775,2083018,COMPANY,1,0
30117093,585945973,2022,US,202217933427,22,2023-01-12,1,4,NO,"Mathiesen, Iacob",5773218,152776,INDIVIDUAL,0,4
30117093,585945973,2022,US,202217933427,22,2023-01-12,1,4,NO,"Rekdahl, Knut Arvid Sorensen",10723904,842178,INDIVIDUAL,0,2
30117093,585945973,2022,US,202217933427,22,2023-01-12,1,4,NO,"David-Andersen, Bjorn",10723905,842179,INDIVIDUAL,0,3
30117093,585945973,2022,US,202217933427,22,2023-01-12,1,4,NO,"Tjelle, Torunn E.",12140332,418020,INDIVIDUAL,0,1
30117093,585945973,2022,US,202217933427,22,2023-01-12,1,4,US,"Inovio Pharmaceuticals, Inc.",48380775,2083018,COMPANY,1,0
32930542,2686380,2004,AU,2004215489,14,2004-09-10,1,3,  ,INGER SANDLIE,13837381,653747,INDIVIDUAL,0,3
32930542,2686380,2004,AU,2004215489,14,2004-09-10,1,3,  ,BJARNE BOGEN,14172197,901529,INDIVIDUAL,0,2
32930542,2686380,2004,AU,2004215489,14,2004-09-10,1,3,  ,AGNETE BRUNSVIK FREDRIKSEN,14958321,901530,,0,1
32930542,2686380,2004,AU,2004215489,14,2004-09-10,1,3,NO,NYKODE THERAPEUTICS ASA,88310283,39026039,UNKNOWN,1,0
32930542,4897779,2004,CA,2517054,14,2004-09-10,1,3,NO,MEDINNOVA AS,13046825,125729,COMPANY,1,0
32930542,4897779,2004,CA,2517054,14,2004-09-10,1,3,NO,"SANDLIE, INGER",13370255,653747,INDIVIDUAL,0,3
32930542,4897779,2004,CA,2517054,14,2004-09-10,1,3,NO,"BOGEN, BJARNE",16539124,901529,INDIVIDUAL,0,1
32930542,4897779,2004,CA,2517054,14,2004-09-10,1,3,NO,"FREDRIKSEN, AGNETE BRUNSVIK",16850617,901530,INDIVIDUAL,0,2
32930542,16136131,2004,EP,04714520,14,2005-11-30,1,3,NO,Vaccibody AS,48075949,2099308,COMPANY,1,0
32930542,16136131,2004,EP,04714520,14,2005-11-30,1,3,NO,"SANDLIE, Inger",48077397,653747,,0,3
32930542,16136131,2004,EP,04714520,14,2005-11-30,1,3,NO,"BOGEN, Bjarne",48212055,901529,,0,1
32930542,16136131,2004,EP,04714520,14,2005-11-30,1,3,NO,"FREDRIKSEN, Agnete, Brunsvik",48215334,901530,,0,2
32930542,42123785,2004,WO,2004000051,14,2004-09-10,4,3,NO,MEDINNOVA AS,13046825,125729,COMPANY,1,0
32930542,42123785,2004,WO,2004000051,14,2004-09-10,4,3,NO,"SANDLIE, INGER",13370255,653747,INDIVIDUAL,4,3
32930542,42123785,2004,WO,2004000051,14,2004-09-10,4,3,NO,"BOGEN, BJARNE",16539124,901529,INDIVIDUAL,2,1
32930542,42123785,2004,WO,2004000051,14,2004-09-10,4,3,NO,"FREDRIKSEN, AGNETE, BRUNSVIK",33891199,901530,INDIVIDUAL,3,2
32930542,53450383,2004,US,78690704,14,2004-12-16,4,3,NO,"Sandlie, Inger",10169432,653747,INDIVIDUAL,3,3
32930542,53450383,2004,US,78690704,14,2004-12-16,4,3,NO,VACCIBODY AS,12136740,901530,COMPANY,4,0
32930542,53450383,2004,US,78690704,14,2004-12-16,4,3,NO,"Bogen, Bjarne",48316939,901529,INDIVIDUAL,1,1
32930542,53450383,2004,US,78690704,14,2004-12-16,4,3,NO,"Brunsvik, Agnete Fredriksen",48414682,20594832,INDIVIDUAL,2,2
32930542,364830344,2012,US,201213353548,14,2012-07-05,4,3,NO,"Sandlie, Inger",10169432,653747,INDIVIDUAL,3,3
32930542,364830344,2012,US,201213353548,14,2012-07-05,4,3,NO,"Bogen, Bjarne",11762760,901529,INDIVIDUAL,1,1
32930542,364830344,2012,US,201213353548,14,2012-07-05,4,3,NO,VACCIBODY AS,12136740,901530,COMPANY,4,0
32930542,364830344,2012,US,201213353548,14,2012-07-05,4,3,NO,"Fredriksen, Agnete Brunsvik",12136741,901530,INDIVIDUAL,2,2
32930542,424136150,2004,EP,14195614,14,2015-04-22,1,3,NO,"SANDLIE, Inger",48077397,653747,,0,3
32930542,424136150,2004,EP,14195614,14,2015-04-22,1,3,NO,"Fredriksen, Agnete Brunsvik",49417439,901530,,0,2
32930542,424136150,2004,EP,14195614,14,2015-04-22,1,3,NO,"Bogen, Bjarne",53470844,901529,,0,1
32930542,424136150,2004,EP,14195614,14,2015-04-22,1,3,NO,Nykode Therapeutics ASA,85841777,39026039,UNKNOWN,1,0
32930542,437790359,2004,DK,04714520,14,2015-03-09,1,3,NO,"BOGEN, BJARNE",50113029,901529,,0,1
32930542,437790359,2004,DK,04714520,14,2015-03-09,1,3,NO,VACCIBODY AS,50291244,2099308,COMPANY,1,0
32930542,437790359,2004,DK,04714520,14,2015-03-09,1,3,NO,"FREDRIKSEN, AGNETE, BRUNSVIK",50356849,901530,,0,2
32930542,437790359,2004,DK,04714520,14,2015-03-09,1,3,NO,"SANDLIE, INGER",50462647,653747,,0,3
32930542,437880264,2004,ES,04714520,14,2015-03-11,1,3,  ,"SANDLIE, INGER",27909398,653747,INDIVIDUAL,0,3
32930542,437880264,2004,ES,04714520,14,2015-03-11,1,3,NO,VACCIBODY AS,42600440,2099308,COMPANY,1,0
32930542,437880264,2004,ES,04714520,14,2015-03-11,1,3,  ,"BOGEN, BJARNE",43961244,901529,,0,1
32930542,437880264,2004,ES,04714520,14,2015-03-11,1,3,  ,"FREDRIKSEN, AGNETE",50319839,22794285,,0,2
32930542,439117412,2004,PT,04714520,14,2015-03-02,1,0,NO,VACCIBODY AS,42600440,2099308,COMPANY,1,0
32930542,449419230,2015,US,201514872290,14,2016-02-11,2,3,NO,"Sandlie, Inger",10169432,653747,INDIVIDUAL,0,3
32930542,449419230,2015,US,201514872290,14,2016-02-11,2,3,NO,"Bogen, Bjarne",11762760,901529,INDIVIDUAL,0,1
32930542,449419230,2015,US,201514872290,14,2016-02-11,2,3,NO,VACCIBODY AS,12136740,901530,COMPANY,1,0
32930542,449419230,2015,US,201514872290,14,2016-02-11,2,3,NO,"Fredriksen, Agnete Brunsvik",12136741,901530,INDIVIDUAL,0,2
32930542,449419230,2015,US,201514872290,14,2016-02-11,2,3,NO,Vaccibody A/S,72332223,2099308,COMPANY,2,0
32930542,489152864,2017,US,201715730776,14,2018-02-01,1,3,NO,"Sandlie, Inger",10169432,653747,INDIVIDUAL,0,2
32930542,489152864,2017,US,201715730776,14,2018-02-01,1,3,NO,"Bogen, Bjarne",11762760,901529,INDIVIDUAL,0,3
32930542,489152864,2017,US,201715730776,14,2018-02-01,1,3,NO,VACCIBODY AS,12136740,901530,COMPANY,1,0
32930542,489152864,2017,US,201715730776,14,2018-02-01,1,3,NO,"Fredriksen, Agnete Brunsvik",12136741,901530,INDIVIDUAL,0,1
32930542,587589543,2022,US,202217689076,14,2023-02-16,1,3,NO,"Sandlie, Inger",10169432,653747,INDIVIDUAL,0,2
32930542,587589543,2022,US,202217689076,14,2023-02-16,1,3,NO,"Bogen, Bjarne",11762760,901529,INDIVIDUAL,0,3
32930542,587589543,2022,US,202217689076,14,2023-02-16,1,3,NO,NYKODE THERAPEUTICS ASA,86089118,39026039,UNKNOWN,1,0
32930542,587589543,2022,US,202217689076,14,2023-02-16,1,3,NO,"FREDRICKSEN, Agnete B.",86158464,901529,UNKNOWN,0,1
32930542,599342007,2023,US,202318163484,14,2023-09-28,1,3,NO,"Sandlie, Inger",10169432,653747,INDIVIDUAL,0,2
32930542,599342007,2023,US,202318163484,14,2023-09-28,1,3,NO,"Bogen, Bjarne",11762760,901529,INDIVIDUAL,0,3
32930542,599342007,2023,US,202318163484,14,2023-09-28,1,3,NO,"Fredriksen, Agnete Brunsvik",12136741,901530,INDIVIDUAL,0,1
32930542,599342007,2023,US,202318163484,14,2023-09-28,1,3,NO,NYKODE THERAPEUTICS ASA,86089118,39026039,UNKNOWN,1,0
34401186,2743332,2006,AU,2006217724,19,2006-08-31,1,3,NO,OPTINOSE AS,12478450,173124,COMPANY,1,0
34401186,2743332,2006,AU,2006217724,19,2006-08-31,1,3,  ,RODERICK PETER HAFNER,13850940,173128,,0,1
34401186,2743332,2006,AU,2006217724,19,2006-08-31,1,3,  ,PER GISLE DJUPESLAND,13937662,173125,INDIVIDUAL,0,2
34401186,2743332,2006,AU,2006217724,19,2006-08-31,1,3,  ,COLIN DAVID SHELDRAKE,15016480,173127,,0,3
34401186,4986589,2006,CA,2598953,19,2006-08-31,1,3,NO,OPTINOSE AS,12478450,173124,COMPANY,1,0
34401186,4986589,2006,CA,2598953,19,2006-08-31,1,3,NO,"DJUPESLAND, PER GISLE",12478451,173125,INDIVIDUAL,0,1
34401186,4986589,2006,CA,2598953,19,2006-08-31,1,3,GB,"HAFNER, RODERICK PETER",12530473,173128,INDIVIDUAL,0,3
34401186,4986589,2006,CA,2598953,19,2006-08-31,1,3,GB,"SHELDRAKE, COLIN DAVID",16759883,173127,INDIVIDUAL,0,2
34401186,8639137,2006,CN,200680011889,19,2008-07-09,1,3,  ,OPTINOSE AS,13937661,173124,COMPANY,1,0
34401186,8639137,2006,CN,200680011889,19,2008-07-09,1,3,  ,SHELDRAKE COLIN DAVID,20067122,173127,INDIVIDUAL,0,3
34401186,8639137,2006,CN,200680011889,19,2008-07-09,1,3,  ,HAFNER RODERICK PETER,20067123,173128,,0,2
34401186,8639137,2006,CN,200680011889,19,2008-07-09,1,3,  ,DJUPESLAND PER GISLE,20067124,173125,INDIVIDUAL,0,1
34401186,16328455,2006,EP,06709863,19,2007-11-14,1,3,NO,Optinose AS,238895,173124,COMPANY,1,0
34401186,16328455,2006,EP,06709863,19,2007-11-14,1,3,GB,"HAFNER, Roderick Peter",69824514,173128,,0,3
34401186,16328455,2006,EP,06709863,19,2007-11-14,1,3,GB,"SHELDRAKE, Colin David",69858142,173127,,0,2
34401186,16328455,2006,EP,06709863,19,2007-11-14,1,3,NO,"DJUPESLAND, Per Gisle",69900005,173125,,0,1
34401186,21467711,2005,GB,0503738,19,2005-03-30,1,0,  ,OPTINOSE AS,13937661,173124,COMPANY,1,0
34401186,21493947,2006,GB,0603634,19,2006-04-05,1,3,NO,OPTINOSE AS,12478450,173124,COMPANY,1,0
34401186,21493947,2006,GB,0603634,19,2006-04-05,1,3,NO,PER GISLE DJUPESLAND,27952059,173125,,0,1
34401186,21493947,2006,GB,0603634,19,2006-04-05,1,3,GB,RODERICK PETER HAFNER,28055243,173128,,0,2
34401186,21493947,2006,GB,0603634,19,2006-04-05,1,3,GB,COLIN DAVID SHELDRAKE,28055244,173127,,0,3
34401186,23695880,2006,WO,2006000631,19,2006-08-31,4,3,NO,OPTINOSE AS,12478450,173124,COMPANY,1,0
34401186,23695880,2006,WO,2006000631,19,2006-08-31,4,3,GB,"HAFNER, RODERICK, PETER",12530466,173128,INDIVIDUAL,4,3
34401186,23695880,2006,WO,2006000631,19,2006-08-31,4,3,NO,"DJUPESLAND, PER, GISLE",12988004,173125,INDIVIDUAL,2,1
34401186,23695880,2006,WO,2006000631,19,2006-08-31,4,3,GB,"SHELDRAKE, COLIN, DAVID",27944897,173127,INDIVIDUAL,3,2
34401186,273636821,2006,US,81698406,19,2009-12-03,4,3,NO,OPTINOSE AS,5755702,173124,COMPANY,4,0
34401186,273636821,2006,US,81698406,19,2009-12-03,4,3,NO,"Djupesland, Per Gisle",5755703,173125,INDIVIDUAL,1,1
34401186,273636821,2006,US,81698406,19,2009-12-03,4,3,GB,"Hafner, Roderick Peter",10808831,173128,INDIVIDUAL,2,2
34401186,273636821,2006,US,81698406,19,2009-12-03,4,3,GB,"Sheldrake, Colin David",11196955,173127,INDIVIDUAL,3,3
34401186,275110919,2006,GB,201000312,19,2010-02-24,1,3,NO,OPTINOSE AS,12478450,173124,COMPANY,1,0
34401186,275110919,2006,GB,201000312,19,2010-02-24,1,3,NO,PER GISLE DJUPESLAND,27952059,173125,,0,1
34401186,275110919,2006,GB,201000312,19,2010-02-24,1,3,GB,RODERICK PETER HAFNER,28055243,173128,,0,2
34401186,275110919,2006,GB,201000312,19,2010-02-24,1,3,GB,COLIN DAVID SHELDRAKE,28055244,173127,,0,3
34401186,275110926,2006,GB,201000321,19,2010-02-24,1,3,NO,OPTINOSE AS,12478450,173124,COMPANY,1,0
34401186,275110926,2006,GB,201000321,19,2010-02-24,1,3,NO,PER GISLE DJUPESLAND,27952059,173125,,0,1
34401186,275110926,2006,GB,201000321,19,2010-02-24,1,3,GB,RODERICK PETER HAFNER,28055243,173128,,0,2
34401186,275110926,2006,GB,201000321,19,2010-02-24,1,3,GB,COLIN DAVID SHELDRAKE,28055244,173127,,0,3
34401186,275110930,2006,GB,201000325,19,2010-02-24,1,3,NO,OPTINOSE AS,12478450,173124,COMPANY,1,0
34401186,275110930,2006,GB,201000325,19,2010-02-24,1,3,NO,PER GISLE DJUPESLAND,27952059,173125,,0,1
34401186,275110930,2006,GB,201000325,19,2010-02-24,1,3,GB,RODERICK PETER HAFNER,28055243,173128,,0,2
34401186,275110930,2006,GB,201000325,19,2010-02-24,1,3,GB,COLIN DAVID SHELDRAKE,28055244,173127,,0,3
34401186,404740914,2012,JP,2012213089,19,2013-02-07,1,3,  ,ã‚³ãƒªãƒ³ ãƒ‡ã‚¤ãƒ“ãƒƒãƒ‰ ã‚·ã‚§ãƒ«ãƒ‰ãƒ¬ã‚¤ã‚¯,62073162,26532330,,0,2
34401186,404740914,2012,JP,2012213089,19,2013-02-07,1,3,  ,ã‚ªãƒ—ãƒ†ã‚£ãƒŽãƒ¼ã‚º ã‚¢ã‚ºï¼¯ï¼°ï¼´ï¼©ï¼®ï¼¯ï¼³ï¼¥ ï¼¡ï¼³,65918299,29067899,UNKNOWN,1,0
34401186,404740914,2012,JP,2012213089,19,2013-02-07,1,3,  ,ãƒ‘ãƒ¼ ã‚®ã‚¹ãƒ¬ ã‚¸ãƒ¥ãƒšã‚¹ãƒ©ãƒ³ãƒ‰,66030886,28503622,,0,1
34401186,404740914,2012,JP,2012213089,19,2013-02-07,1,3,  ,ãƒ­ãƒ‡ãƒªãƒƒã‚¯ ãƒ”ãƒ¼ã‚¿ãƒ¼ ãƒãƒ•ãƒŠãƒ¼,68444682,26615399,,0,3
34401186,413634525,2006,CN,201310231420,19,2013-12-25,1,3,  ,ä½©å°”.G.æœ±ä½©æ–¯å…°å¾·,62383601,30542510,,0,1
34401186,413634525,2006,CN,201310231420,19,2013-12-25,1,3,  ,å¥¥æ™®è’‚è¯ºæ–¯å…¬å¸,62661818,29259855,COMPANY,1,0
34401186,413634525,2006,CN,201310231420,19,2013-12-25,1,3,  ,ç½—å¾·é‡Œå…‹.P.å“ˆå¤«çº³,63079265,26901949,,0,3
34401186,413634525,2006,CN,201310231420,19,2013-12-25,1,3,  ,ç§‘æž—.D.è°¢å°”å¾·é›·å…‹,68966896,29283551,,0,2
34401186,438912231,2014,US,201414491720,19,2015-04-16,1,3,NO,OPTINOSE AS,5755702,173124,COMPANY,1,0
34401186,438912231,2014,US,201414491720,19,2015-04-16,1,3,NO,"Djupesland, Per Gisle",5755703,173125,INDIVIDUAL,0,1
34401186,438912231,2014,US,201414491720,19,2015-04-16,1,3,GB,"Sheldrake, Colin David",11307015,173127,INDIVIDUAL,0,3
34401186,438912231,2014,US,201414491720,19,2015-04-16,1,3,GB,"Hafner, Roderick Peter",51403961,173128,,0,2
34401186,449083665,2006,CA,2918226,19,2006-08-31,1,3,NO,OPTINOSE AS,12478450,173124,COMPANY,1,0
34401186,449083665,2006,CA,2918226,19,2006-08-31,1,3,NO,"DJUPESLAND, PER GISLE",12478451,173125,INDIVIDUAL,0,1
34401186,449083665,2006,CA,2918226,19,2006-08-31,1,3,GB,"HAFNER, RODERICK PETER",12530473,173128,INDIVIDUAL,0,3
34401186,449083665,2006,CA,2918226,19,2006-08-31,1,3,GB,"SHELDRAKE, COLIN DAVID",16759883,173127,INDIVIDUAL,0,2
34401186,456987396,2015,US,201514829845,19,2016-06-16,1,3,NO,OPTINOSE AS,5755702,173124,COMPANY,1,0
34401186,456987396,2015,US,201514829845,19,2016-06-16,1,3,NO,"Djupesland, Per Gisle",5755703,173125,INDIVIDUAL,0,3
34401186,456987396,2015,US,201514829845,19,2016-06-16,1,3,GB,"Hafner, Roderick Peter",11209917,173128,INDIVIDUAL,0,1
34401186,456987396,2015,US,201514829845,19,2016-06-16,1,3,GB,"Sheldrake, Colin David",11307015,173127,INDIVIDUAL,0,2
34401186,500403041,2018,US,201815879009,19,2018-09-27,2,3,NO,OPTINOSE AS,5755702,173124,COMPANY,1,0
34401186,500403041,2018,US,201815879009,19,2018-09-27,2,3,NO,"Djupesland, Per Gisle",5755703,173125,INDIVIDUAL,0,1
34401186,500403041,2018,US,201815879009,19,2018-09-27,2,3,GB,"Hafner, Roderick Peter",11209917,173128,INDIVIDUAL,0,2
34401186,500403041,2018,US,201815879009,19,2018-09-27,2,3,GB,"Sheldrake, Colin David",11307015,173127,INDIVIDUAL,0,3
34401186,500403041,2018,US,201815879009,19,2018-09-27,2,3,US,OptiNose Inc.,86107481,39077138,UNKNOWN,2,0
34401186,594104977,2023,US,202318164836,19,2023-06-15,1,3,NO,"Djupesland, Per Gisle",5755703,173125,INDIVIDUAL,0,3
34401186,594104977,2023,US,202318164836,19,2023-06-15,1,3,GB,"Hafner, Roderick Peter",11209917,173128,INDIVIDUAL,0,1
34401186,594104977,2023,US,202318164836,19,2023-06-15,1,3,GB,"Sheldrake, Colin David",11307015,173127,INDIVIDUAL,0,2
34401186,594104977,2023,US,202318164836,19,2023-06-15,1,3,US,"OptiNose, Inc.",89146334,39077138,UNKNOWN,1,0
35220688,21481568,2005,GB,0517804,11,2005-10-12,1,1,US,"MICRON TECHNOLOGY, INC.,",28035346,3604,COMPANY,1,0
35220688,21481568,2005,GB,0517804,11,2005-10-12,1,1,NO,MOHOLT JORGEN,28054238,10993242,,0,1
35220688,48785863,2005,US,22304505,11,2007-03-01,1,1,US,"Micron Technology, Inc.",5213835,3604,COMPANY,1,0
35220688,48785863,2005,US,22304505,11,2007-03-01,1,1,NO,"Moholt, Jorgen",5748174,2358945,INDIVIDUAL,0,1
35220688,54612765,2006,WO,2006033506,11,2007-03-08,2,1,US,"Micron Technology, Inc.",5251952,3604,COMPANY,1,0
35220688,54612765,2006,WO,2006033506,11,2007-03-08,2,1,NO,"MOHOLT, JORGEN",39804092,2358945,INDIVIDUAL,2,1
35220688,267462252,2009,US,48143609,11,2009-10-01,2,1,US,"Micron Technology, Inc.",5213835,3604,COMPANY,2,0
35220688,267462252,2009,US,48143609,11,2009-10-01,2,1,NO,"Moholt, Jorgen",5748174,2358945,INDIVIDUAL,1,1
35220688,339660549,2006,TW,95132287,11,2007-06-01,1,1,US,"Micron Technology, Inc.",5251952,3604,COMPANY,1,0
35220688,339660549,2006,TW,95132287,11,2007-06-01,1,1,NO,"MOHOLT, JORGEN",39804092,2358945,INDIVIDUAL,0,1
35220688,412032905,2013,US,201313926365,11,2013-10-31,1,1,US,"Micron Technology, Inc.",5213835,3604,COMPANY,1,0
35220688,412032905,2013,US,201313926365,11,2013-10-31,1,1,NO,"Moholt, Jorgen",5748174,2358945,INDIVIDUAL,0,1
35220688,447565914,2015,US,201514837802,11,2015-12-17,1,1,US,"Micron Technology, Inc.",5213835,3604,COMPANY,1,0
35220688,447565914,2015,US,201514837802,11,2015-12-17,1,1,NO,"Moholt, Jorgen",5748174,2358945,INDIVIDUAL,0,1
35220688,496292005,2018,US,201815896609,11,2018-06-21,1,1,US,"Micron Technology, Inc.",5213835,3604,COMPANY,1,0
35220688,496292005,2018,US,201815896609,11,2018-06-21,1,1,NO,"Moholt, Jorgen",5748174,2358945,INDIVIDUAL,0,1
35220688,536402712,2020,US,202016860190,11,2020-08-13,1,1,US,"Micron Technology, Inc.",5213835,3604,COMPANY,1,0
35220688,536402712,2020,US,202016860190,11,2020-08-13,1,1,NO,"Moholt, Jorgen",5748174,2358945,INDIVIDUAL,0,1
35220688,581006908,2022,US,202217846851,11,2022-10-13,1,1,US,"Micron Technology, Inc.",5213835,3604,COMPANY,1,0
35220688,581006908,2022,US,202217846851,11,2022-10-13,1,1,NO,"Moholt, Jorgen",5748174,2358945,INDIVIDUAL,0,1
35220688,606724999,2023,US,202318349801,11,2024-02-22,1,1,US,"Micron Technology, Inc.",5213835,3604,COMPANY,1,0
35220688,606724999,2023,US,202318349801,11,2024-02-22,1,1,NO,"Moholt, Jorgen",5748174,2358945,INDIVIDUAL,0,1
35267088,226832,2005,EP,05741736,13,2007-01-24,1,3,NL,TROUW INTERNATIONAL B.V.,101148,77447,COMPANY,1,0
35267088,226832,2005,EP,05741736,13,2007-01-24,1,3,NO,"KOPPE, Wolfgang M.",358224,248950,,0,1
35267088,226832,2005,EP,05741736,13,2007-01-24,1,3,DE,"BRINKER, Alexander",358225,248951,,0,2
35267088,226832,2005,EP,05741736,13,2007-01-24,1,3,NL,"ROEM, Andries, Jan",358226,248952,,0,3
35267088,1100902,2005,AT,05741736,13,2008-05-15,1,3,NL,TROUW INTERNATIONAL B.V.,13134989,77447,COMPANY,1,0
35267088,1100902,2005,AT,05741736,13,2008-05-15,1,3,NO,"KOPPE, WOLFGANG M.",13174508,248950,INDIVIDUAL,0,1
35267088,1100902,2005,AT,05741736,13,2008-05-15,1,3,DE,"BRINKER, ALEXANDER",13174509,248951,INDIVIDUAL,0,2
35267088,1100902,2005,AT,05741736,13,2008-05-15,1,3,NL,"ROEM, ANDRIES",13174510,4823488,,0,3
35267088,2719604,2005,AU,2005244324,13,2005-11-24,1,3,NL,TROUW INTERNATIONAL B.V.,13134989,77447,COMPANY,1,0
35267088,2719604,2005,AU,2005244324,13,2005-11-24,1,3,  ,WOLFGANG M. KOPPE,13894601,248950,,0,1
35267088,2719604,2005,AU,2005244324,13,2005-11-24,1,3,  ,ALEXANDER BRINKER,15004953,248951,,0,2
35267088,2719604,2005,AU,2005244324,13,2005-11-24,1,3,  ,ANDRIES JAN ROEM,15004954,248952,,0,3
35267088,4951896,2005,CA,2566485,13,2005-11-24,1,3,NO,"KOPPE, WOLFGANG M.",13174508,248950,INDIVIDUAL,0,1
35267088,4951896,2005,CA,2566485,13,2005-11-24,1,3,DE,"BRINKER, ALEXANDER",13174509,248951,INDIVIDUAL,0,2
35267088,4951896,2005,CA,2566485,13,2005-11-24,1,3,AN,TROUW INTERNATIONAL B.V.,16905040,77447,COMPANY,1,0
35267088,4951896,2005,CA,2566485,13,2005-11-24,1,3,NL,"ROEM, ANDRIES JAN",16905041,248952,,0,3
35267088,15200142,2005,DE,602005006262,13,2008-06-05,1,3,NL,TROUW INTERNATIONAL B.V.,13134989,77447,COMPANY,1,0
35267088,15200142,2005,DE,602005006262,13,2008-06-05,1,3,NO,"KOPPE, WOLFGANG M.",13174508,248950,INDIVIDUAL,0,1
35267088,15200142,2005,DE,602005006262,13,2008-06-05,1,3,DE,"BRINKER, ALEXANDER",13174509,248951,INDIVIDUAL,0,2
35267088,15200142,2005,DE,602005006262,13,2008-06-05,1,3,NL,"ROEM, ANDRIES JAN",16905041,248952,,0,3
35267088,15490700,2005,DK,05741736,13,2008-09-22,1,3,NL,TROUW INTERNATIONAL B.V.,13134989,77447,COMPANY,1,0
35267088,15490700,2005,DK,05741736,13,2008-09-22,1,3,NO,"KOPPE, WOLFGANG M.",13174508,248950,INDIVIDUAL,0,1
35267088,15490700,2005,DK,05741736,13,2008-09-22,1,3,DE,"BRINKER, ALEXANDER",13174509,248951,INDIVIDUAL,0,2
35267088,15490700,2005,DK,05741736,13,2008-09-22,1,3,NL,"ROEM, ANDRIES, JAN",25523092,248952,INDIVIDUAL,0,3
35267088,42109073,2005,NO,20051993,13,2005-04-25,1,3,NL,TROUW INTERNATIONAL BV,33867587,10996152,COMPANY,1,0
35267088,42109073,2005,NO,20051993,13,2005-04-25,1,3,NO,KOPPE WOLFGANG M,33869331,248950,,0,1
35267088,42109073,2005,NO,20051993,13,2005-04-25,1,3,NL,ROEM ANDRIES JAN,33877935,248952,,0,2
35267088,42109073,2005,NO,20051993,13,2005-04-25,1,3,DE,BRINKER ALEXANDER,33877936,248951,,0,3
35267088,42124285,2005,WO,2005000159,13,2005-11-24,4,3,NL,TROUW INTERNATIONAL B.V.,13134989,77447,COMPANY,1,0
35267088,42124285,2005,WO,2005000159,13,2005-11-24,4,3,NO,"KOPPE, WOLFGANG M.",13174508,248950,INDIVIDUAL,2,1
35267088,42124285,2005,WO,2005000159,13,2005-11-24,4,3,DE,"BRINKER, ALEXANDER",13174509,248951,INDIVIDUAL,3,2
35267088,42124285,2005,WO,2005000159,13,2005-11-24,4,3,NL,"ROEM, ANDRIES, JAN",25523092,248952,INDIVIDUAL,4,3
35267088,55298710,2005,ES,05741736,13,2008-12-01,1,3,NO,"KOPPE, WOLFGANG M.",13174508,248950,INDIVIDUAL,0,1
35267088,55298710,2005,ES,05741736,13,2008-12-01,1,3,DE,"BRINKER, ALEXANDER",13174509,248951,INDIVIDUAL,0,2
35267088,55298710,2005,ES,05741736,13,2008-12-01,1,3,  ,TROUW INTERNATIONAL B.V.,14889321,77447,COMPANY,1,0
35267088,55298710,2005,ES,05741736,13,2008-12-01,1,3,NL,"ROEM, ANDRIES, JAN",25523092,248952,INDIVIDUAL,0,3
35267088,55686328,2005,US,57998505,13,2009-01-08,1,3,NO,"Koppe, Wolfgang M.",8918162,248950,INDIVIDUAL,0,2
35267088,55686328,2005,US,57998505,13,2009-01-08,1,3,NL,Trouw International B.V.,10858527,77447,COMPANY,1,0
35267088,55686328,2005,US,57998505,13,2009-01-08,1,3,DE,"Brinker, Alexander",10858528,248951,,0,1
35267088,55686328,2005,US,57998505,13,2009-01-08,1,3,NL,"Roem, Andries Jan",10858529,248952,,0,3
35267088,414990494,2013,US,201313970945,13,2014-02-13,1,3,NO,"Koppe, Wolfgang M.",8918162,248950,INDIVIDUAL,0,1
35267088,414990494,2013,US,201313970945,13,2014-02-13,1,3,DE,"Brinker, Alexander",10858528,248951,,0,3
35267088,414990494,2013,US,201313970945,13,2014-02-13,1,3,NL,TROUW INTERNATIONAL B.V.,12080452,77447,COMPANY,1,0
35267088,414990494,2013,US,201313970945,13,2014-02-13,1,3,NL,"Roem, Andries Jan",47176468,248950,,0,2
35267088,546333132,2020,US,202016840271,13,2021-02-25,1,3,NO,"Koppe, Wolfgang M.",8918162,248950,INDIVIDUAL,0,1
35267088,546333132,2020,US,202016840271,13,2021-02-25,1,3,DE,"Brinker, Alexander",10858528,248951,,0,3
35267088,546333132,2020,US,202016840271,13,2021-02-25,1,3,NL,"Roem, Andries Jan",47176468,248950,,0,2
35267088,546333132,2020,US,202016840271,13,2021-02-25,1,3,NL,Nutreco IP Assets B.V.,58018992,25040120,COMPANY,1,0
35267088,589334884,2022,US,202217956705,13,2023-03-23,1,3,NO,"Koppe, Wolfgang M.",8918162,248950,INDIVIDUAL,0,1
35267088,589334884,2022,US,202217956705,13,2023-03-23,1,3,DE,"Brinker, Alexander",10858528,248951,,0,3
35267088,589334884,2022,US,202217956705,13,2023-03-23,1,3,NL,"Roem, Andries Jan",47176468,248950,,0,2
35267088,589334884,2022,US,202217956705,13,2023-03-23,1,3,NL,Nutreco IP Assets B.V.,58018992,25040120,COMPANY,1,0
36803659,21502583,2006,GB,0612333,9,2006-08-02,1,0,  ,GE Healthcare Limited,7730665,52709,COMPANY,1,0
36803659,57829929,2007,CN,200780023242,9,2009-07-01,1,1,GB,GE HEALTHCARE LTD.,18283720,52709,COMPANY,1,0
36803659,57829929,2007,CN,200780023242,9,2009-07-01,1,1,GB,HEMSTAD STIG,40813233,17327361,,0,1
36803659,323206287,2007,RU,2008151890,9,2010-07-27,1,1,GB,DZHI-I KHELTKER LIMITED,34703660,14309066,COMPANY,1,0
36803659,323206287,2007,RU,2008151890,9,2010-07-27,1,1,NO,KHEMSTAD STIG,69176431,17851808,,0,1
36803659,341909312,2007,AT,07733302,9,2012-03-15,1,1,GB,GE HEALTHCARE LIMITED,12507755,52709,COMPANY,1,0
36803659,341909312,2007,AT,07733302,9,2012-03-15,1,1,NO,"HEMSTAD, STIG",12612591,1786569,INDIVIDUAL,0,1
36803659,364375256,2007,ES,07733302,9,2012-06-27,1,1,GB,GE HEALTHCARE LIMITED,12507755,52709,COMPANY,1,0
36803659,364375256,2007,ES,07733302,9,2012-06-27,1,1,  ,"HEMSTAD, STIG",40409741,1786569,,0,1
36803659,376341433,2007,BR,PI0713626,9,2012-10-16,1,1,GB,GE HEALTHCARE LIMITED,12507755,52709,COMPANY,1,0
36803659,376341433,2007,BR,PI0713626,9,2012-10-16,1,1,  ,STIG HEMSTAD,40409742,1786569,,0,1
36803659,436893242,2007,KR,20147030587,9,2014-11-18,1,1,GB,GE HEALTHCARE LIMITED,12507755,52709,COMPANY,1,0
36803659,436893242,2007,KR,20147030587,9,2014-11-18,1,1,NO,HEMSTAD STIG,40492623,1786569,,0,1
36803659,446837978,2007,CN,201510604306,9,2015-12-02,1,1,  ,GE HEALTHCARE LTD,20049427,52709,COMPANY,1,0
36803659,446837978,2007,CN,201510604306,9,2015-12-02,1,1,  ,HEMSTAD STIG,42001198,17327361,,0,1
36803659,601870196,2022,US,202217850056,9,2023-11-16,1,1,GB,GE HEALTHCARE LIMITED,5786086,52709,COMPANY,1,0
36803659,601870196,2022,US,202217850056,9,2023-11-16,1,1,NO,"Hemstad, Stig",11200621,1786569,INDIVIDUAL,0,1
37671443,21513880,2006,GB,0623732,14,2007-01-10,1,0,  ,OPTINOSE AS,13937661,173124,COMPANY,1,0
37671443,21539288,2007,GB,0723370,14,2008-01-09,1,7,NO,OPTINOSE AS,12478450,173124,COMPANY,1,0
37671443,21539288,2007,GB,0723370,14,2008-01-09,1,7,GB,SIMON SMITH,18275276,58107,INDIVIDUAL,0,4
37671443,21539288,2007,GB,0723370,14,2008-01-09,1,7,GB,DAVID ELLIS,18732531,182659,INDIVIDUAL,0,3
37671443,21539288,2007,GB,0723370,14,2008-01-09,1,7,NO,PER GISLE DJUPESLAND,27952059,173125,,0,1
37671443,21539288,2007,GB,0723370,14,2008-01-09,1,7,GB,COLIN DAVID SHELDRAKE,28055244,173127,,0,2
37671443,21539288,2007,GB,0723370,14,2008-01-09,1,7,GB,RACHEL STRIEBIG,28103193,234960,,0,5
37671443,21539288,2007,GB,0723370,14,2008-01-09,1,7,GB,ANDY PIDGEON,28103194,2154385,,0,6
37671443,21539288,2007,GB,0723370,14,2008-01-09,1,7,GB,TOM ST QUINTIN,28103195,11008999,,0,7
37671443,23704588,2007,WO,2007004571,14,2008-06-05,3,2,NO,OPTINOSE AS,12478450,173124,COMPANY,1,0
37671443,23704588,2007,WO,2007004571,14,2008-06-05,3,2,NO,"DJUPESLAND, PER, GISLE",12988004,173125,INDIVIDUAL,2,1
37671443,23704588,2007,WO,2007004571,14,2008-06-05,3,2,GB,"SHELDRAKE, COLIN, DAVID",27944897,173127,INDIVIDUAL,3,2
37671443,55270402,2007,EP,07848414,14,2010-01-06,1,2,NO,Optinose AS,238895,173124,COMPANY,1,0
37671443,55270402,2007,EP,07848414,14,2010-01-06,1,2,NO,"DJUPESLAND, Per Gisle",4118847,173125,,0,1
37671443,55270402,2007,EP,07848414,14,2010-01-06,1,2,GB,"SHELDRAKE, Colin, David",49230943,173127,,0,2
37671443,329265595,2007,US,51640407,14,2010-12-02,7,6,NO,OPTINOSE AS,5755702,173124,COMPANY,7,0
37671443,329265595,2007,US,51640407,14,2010-12-02,7,6,NO,"Djupesland, Per Gisle",5755703,173125,INDIVIDUAL,1,1
37671443,329265595,2007,US,51640407,14,2010-12-02,7,6,GB,"Sheldrake, Colin David",11307015,173127,INDIVIDUAL,2,2
37671443,329265595,2007,US,51640407,14,2010-12-02,7,6,GB,"Pidgeon, Andy",49878565,2154385,INDIVIDUAL,5,5
37671443,329265595,2007,US,51640407,14,2010-12-02,7,6,GB,"Smith, Simon",49878603,58107,INDIVIDUAL,3,3
37671443,329265595,2007,US,51640407,14,2010-12-02,7,6,GB,"St. Quintin, Tom",49902637,2154386,INDIVIDUAL,6,6
37671443,329265595,2007,US,51640407,14,2010-12-02,7,6,GB,"Striebig, Rachel",49962127,234960,INDIVIDUAL,4,4
37671443,341802537,2007,EP,12001127,14,2012-06-06,1,6,NO,Optinose AS,238895,173124,COMPANY,1,0
37671443,341802537,2007,EP,12001127,14,2012-06-06,1,6,GB,"Sheldrake, Colin, David, Dr.",49188130,2154384,,0,2
37671443,341802537,2007,EP,12001127,14,2012-06-06,1,6,GB,"Striebig, Rachel",49241947,234960,,0,4
37671443,341802537,2007,EP,12001127,14,2012-06-06,1,6,GB,"St. Quintin, Tom",49267458,2154386,,0,6
37671443,341802537,2007,EP,12001127,14,2012-06-06,1,6,GB,"Smith, Simon",49508865,58107,,0,3
37671443,341802537,2007,EP,12001127,14,2012-06-06,1,6,GB,"Pidgeon, Andy",49631994,2154385,,0,5
37671443,341802537,2007,EP,12001127,14,2012-06-06,1,6,NO,"Djupesland, Per, Gisle, Dr.",49823190,398929,,0,1
37671443,341825714,2007,EP,12001130,14,2012-06-06,1,6,NO,Optinose AS,238895,173124,COMPANY,1,0
37671443,341825714,2007,EP,12001130,14,2012-06-06,1,6,GB,"Smith, Simon",49482005,58107,,0,3
37671443,341825714,2007,EP,12001130,14,2012-06-06,1,6,GB,"Sheldrake, Colin David, Dr.",49616683,2154384,,0,2
37671443,341825714,2007,EP,12001130,14,2012-06-06,1,6,GB,"St. Quintin, Tom",49616812,2154386,,0,6
37671443,341825714,2007,EP,12001130,14,2012-06-06,1,6,NO,"Djupesland, Per Gisle, Dr.",49669221,398929,,0,1
37671443,341825714,2007,EP,12001130,14,2012-06-06,1,6,GB,"Striebig, Rachel",49797322,234960,,0,4
37671443,341825714,2007,EP,12001130,14,2012-06-06,1,6,GB,"Pidgeon, Andy",55680270,2154385,,0,5
37671443,353123323,2007,AT,07848414,14,2012-04-15,1,2,NO,OPTINOSE AS,12478450,173124,COMPANY,1,0
37671443,353123323,2007,AT,07848414,14,2012-04-15,1,2,NO,"DJUPESLAND, PER GISLE",12478451,173125,INDIVIDUAL,0,1
37671443,353123323,2007,AT,07848414,14,2012-04-15,1,2,GB,"SHELDRAKE, COLIN",13542604,547979,INDIVIDUAL,0,2
37671443,375096465,2007,ES,07848414,14,2012-09-20,1,2,NO,OPTINOSE AS,12478450,173124,COMPANY,1,0
37671443,375096465,2007,ES,07848414,14,2012-09-20,1,2,  ,"DJUPESLAND, PER GISLE",33978722,173125,,0,1
37671443,375096465,2007,ES,07848414,14,2012-09-20,1,2,  ,"SHELDRAKE, COLIN DAVID",33989666,173127,,0,2
37671443,449821651,2015,US,201514674103,14,2016-02-25,1,6,NO,OPTINOSE AS,5755702,173124,COMPANY,1,0
37671443,449821651,2015,US,201514674103,14,2016-02-25,1,6,NO,"Djupesland, Per Gisle",5755703,173125,INDIVIDUAL,0,1
37671443,449821651,2015,US,201514674103,14,2016-02-25,1,6,GB,"Sheldrake, Colin David",11307015,173127,INDIVIDUAL,0,2
37671443,449821651,2015,US,201514674103,14,2016-02-25,1,6,GB,"Pidgeon, Andy",49878565,2154385,INDIVIDUAL,0,5
37671443,449821651,2015,US,201514674103,14,2016-02-25,1,6,GB,"Smith, Simon",49878603,58107,INDIVIDUAL,0,3
37671443,449821651,2015,US,201514674103,14,2016-02-25,1,6,GB,"St. Quintin, Tom",49902637,2154386,INDIVIDUAL,0,6
37671443,449821651,2015,US,201514674103,14,2016-02-25,1,6,GB,"Striebig, Rachel",49962127,234960,INDIVIDUAL,0,4
37671443,473497109,2007,ES,12001127,14,2017-01-02,1,6,NO,OPTINOSE AS,12478450,173124,COMPANY,1,0
37671443,473497109,2007,ES,12001127,14,2017-01-02,1,6,  ,"SMITH, SIMON",15013793,58107,INDIVIDUAL,0,3
37671443,473497109,2007,ES,12001127,14,2017-01-02,1,6,  ,"DJUPESLAND, PER GISLE",33978722,173125,,0,1
37671443,473497109,2007,ES,12001127,14,2017-01-02,1,6,  ,"SHELDRAKE, COLIN DAVID",33989666,173127,,0,2
37671443,473497109,2007,ES,12001127,14,2017-01-02,1,6,  ,"STRIEBIG, RACHEL",33993891,234960,INDIVIDUAL,0,4
37671443,473497109,2007,ES,12001127,14,2017-01-02,1,6,  ,"St. Quintin, Tom",53791081,2154386,,0,6
37671443,473497109,2007,ES,12001127,14,2017-01-02,1,6,  ,"Pidgeon, Andy",54010114,2154385,,0,5
37671443,487872513,2007,ES,12001130,14,2017-12-28,1,6,NO,OPTINOSE AS,12478450,173124,COMPANY,1,0
37671443,487872513,2007,ES,12001130,14,2017-12-28,1,6,  ,"SMITH, SIMON",15013793,58107,INDIVIDUAL,0,3
37671443,487872513,2007,ES,12001130,14,2017-12-28,1,6,  ,"DJUPESLAND, PER GISLE",33978722,173125,,0,1
37671443,487872513,2007,ES,12001130,14,2017-12-28,1,6,  ,"SHELDRAKE, COLIN DAVID",33989666,173127,,0,2
37671443,487872513,2007,ES,12001130,14,2017-12-28,1,6,  ,"STRIEBIG, RACHEL",33993891,234960,INDIVIDUAL,0,4
37671443,487872513,2007,ES,12001130,14,2017-12-28,1,6,  ,"St. Quintin, Tom",53791081,2154386,,0,6
37671443,487872513,2007,ES,12001130,14,2017-12-28,1,6,  ,"Pidgeon, Andy",54010114,2154385,,0,5
37671443,539939154,2019,US,201916602694,14,2020-10-29,1,6,NO,OPTINOSE AS,5755702,173124,COMPANY,1,0
37671443,539939154,2019,US,201916602694,14,2020-10-29,1,6,NO,"Djupesland, Per Gisle",5755703,173125,INDIVIDUAL,0,6
37671443,539939154,2019,US,201916602694,14,2020-10-29,1,6,GB,"Sheldrake, Colin David",11307015,173127,INDIVIDUAL,0,1
37671443,539939154,2019,US,201916602694,14,2020-10-29,1,6,GB,"Pidgeon, Andy",49878565,2154385,INDIVIDUAL,0,4
37671443,539939154,2019,US,201916602694,14,2020-10-29,1,6,GB,"Smith, Simon",49878603,58107,INDIVIDUAL,0,2
37671443,539939154,2019,US,201916602694,14,2020-10-29,1,6,GB,"Striebig, Rachel",49962127,234960,INDIVIDUAL,0,3
37671443,539939154,2019,US,201916602694,14,2020-10-29,1,6,GB,"ST.QUINTIN, Tom",77829446,2154385,,0,5
37671443,578647998,2022,US,202217693929,14,2022-09-01,1,6,NO,"Djupesland, Per Gisle",5755703,173125,INDIVIDUAL,0,6
37671443,578647998,2022,US,202217693929,14,2022-09-01,1,6,GB,"Sheldrake, Colin David",11307015,173127,INDIVIDUAL,0,1
37671443,578647998,2022,US,202217693929,14,2022-09-01,1,6,GB,"Pidgeon, Andy",49878565,2154385,INDIVIDUAL,0,4
37671443,578647998,2022,US,202217693929,14,2022-09-01,1,6,GB,"Smith, Simon",49878603,58107,INDIVIDUAL,0,2
37671443,578647998,2022,US,202217693929,14,2022-09-01,1,6,GB,"St. Quintin, Tom",49902637,2154386,INDIVIDUAL,0,5
37671443,578647998,2022,US,202217693929,14,2022-09-01,1,6,GB,"Striebig, Rachel",49962127,234960,INDIVIDUAL,0,3
37671443,578647998,2022,US,202217693929,14,2022-09-01,1,6,NO,OptoNose AS,86130877,39048099,UNKNOWN,1,0
38163327,155975,2006,EP,06821641,20,2008-08-27,1,1,IL,"TOUBOUL, Shlomo",200687,147741,,0,1
38163327,155975,2006,EP,06821641,20,2008-08-27,1,1,NO,Cupp Computing AS,55786740,416857,COMPANY,1,0
38163327,2760702,2006,AU,2006324929,20,2007-06-21,1,1,  ,SHLOMO TOUBOUL,7833286,147741,INDIVIDUAL,0,1
38163327,2760702,2006,AU,2006324929,20,2007-06-21,1,1,NO,CUPP COMPUTING AS,33891990,416857,COMPANY,1,0
38163327,24309583,2006,WO,2006001428,20,2007-06-21,2,1,IL,"TOUBOUL, SHLOMO",16602629,147741,INDIVIDUAL,2,1
38163327,24309583,2006,WO,2006001428,20,2007-06-21,2,1,IL,YOGGIE SECURITY SYSTEMS LTD.,29722061,147740,COMPANY,1,0
38163327,50377189,2006,US,37691906,20,2007-08-23,2,1,IL,"Touboul, Shlomo",7833285,147741,INDIVIDUAL,1,1
38163327,50377189,2006,US,37691906,20,2007-08-23,2,1,NO,Yoggie Security Systems Ltd.,45146812,147740,COMPANY,2,0
38163327,55164119,2006,CA,2632951,20,2007-06-21,1,1,IL,"TOUBOUL, SHLOMO",16602629,147741,INDIVIDUAL,0,1
38163327,55164119,2006,CA,2632951,20,2007-06-21,1,1,IL,YOGGIE SECURITY SYSTEMS LTD.,29722061,147740,COMPANY,1,0
38163327,58067615,2006,CN,200680052780,20,2009-07-29,1,1,  ,YOGGIE SECURITY SYSTEMS LTD.,15078349,147740,COMPANY,1,0
38163327,58067615,2006,CN,200680052780,20,2009-07-29,1,1,  ,TOUBOUL SHLOMO,41470657,3068967,INDIVIDUAL,0,1
38163327,409716387,2013,US,201313735836,20,2013-08-22,2,1,IL,"Touboul, Shlomo",7833285,147741,INDIVIDUAL,0,1
38163327,409716387,2013,US,201313735836,20,2013-08-22,2,1,NO,Cupp Computing AS,11076180,416857,COMPANY,2,0
38163327,409716387,2013,US,201313735836,20,2013-08-22,2,1,NO,Yoggie Security Systems Ltd.,45146812,147740,COMPANY,1,0
38163327,416437778,2013,US,201314092756,20,2014-03-27,1,1,IL,"Touboul, Shlomo",7833285,147741,INDIVIDUAL,0,1
38163327,416437778,2013,US,201314092756,20,2014-03-27,1,1,NO,Cupp Computing AS,11076180,416857,COMPANY,1,0
38163327,419570824,2006,CN,201310556909,20,2014-07-02,1,1,  ,CUPPè®¡ç®—å…¬å¸,58463527,28439614,COMPANY,1,0
38163327,419570824,2006,CN,201310556909,20,2014-07-02,1,1,  ,ä»€æ´›èŽ«Â·å›¾å¸ƒå°”,67444556,29925129,,0,1
38163327,482355664,2016,US,201615352553,20,2017-08-10,1,1,IL,"Touboul, Shlomo",7833285,147741,INDIVIDUAL,0,1
38163327,482355664,2016,US,201615352553,20,2017-08-10,1,1,NO,CUPP Computing AS,47324599,416857,COMPANY,1,0
38163327,482609383,2017,US,201715586176,20,2017-08-17,1,1,IL,"Touboul, Shlomo",7833285,147741,INDIVIDUAL,0,1
38163327,482609383,2017,US,201715586176,20,2017-08-17,1,1,NO,CUPP Computing AS,47324599,416857,COMPANY,1,0
38163327,498090084,2017,US,201715689795,20,2018-08-09,1,1,IL,"Touboul, Shlomo",7833285,147741,INDIVIDUAL,0,1
38163327,498090084,2017,US,201715689795,20,2018-08-09,1,1,NO,CUPP Computing AS,47324599,416857,COMPANY,1,0
38163327,506418005,2018,US,201816144408,20,2019-01-24,1,1,IL,"Touboul, Shlomo",7833285,147741,INDIVIDUAL,0,1
38163327,506418005,2018,US,201816144408,20,2019-01-24,1,1,NO,CUPP Computing AS,47324599,416857,COMPANY,1,0
38163327,525061073,2019,US,201916573877,20,2020-01-23,1,1,IL,"Touboul, Shlomo",7833285,147741,INDIVIDUAL,0,1
38163327,525061073,2019,US,201916573877,20,2020-01-23,1,1,NO,CUPP Computing AS,55909338,416857,COMPANY,1,0
38163327,526662430,2019,US,201916656358,20,2020-02-20,1,1,IL,"Touboul, Shlomo",7833285,147741,INDIVIDUAL,0,1
38163327,526662430,2019,US,201916656358,20,2020-02-20,1,1,NO,CUPP Computing AS,47324599,416857,COMPANY,1,0
38163327,550584976,2020,US,202016950655,20,2021-05-13,1,1,IL,"Touboul, Shlomo",7833285,147741,INDIVIDUAL,0,1
38163327,550584976,2020,US,202016950655,20,2021-05-13,1,1,NO,CUPP Computing AS,47324599,416857,COMPANY,1,0
38163327,588479346,2022,US,202217980841,20,2023-03-09,1,1,IL,"Touboul, Shlomo",7833285,147741,INDIVIDUAL,0,1
38163327,588479346,2022,US,202217980841,20,2023-03-09,1,1,NO,CUPP Computing AS,47324599,416857,COMPANY,1,0
38163327,596979015,2022,US,202217959708,20,2023-08-10,1,1,IL,"Touboul, Shlomo",7833285,147741,INDIVIDUAL,0,1
38163327,596979015,2022,US,202217959708,20,2023-08-10,1,1,NO,CUPP Computing AS,47324599,416857,COMPANY,1,0
38372038,158660,2007,EP,07750450,13,2008-10-22,1,4,US,"Genetronics, Inc.",208407,84326,COMPANY,1,0
38372038,158660,2007,EP,07750450,13,2008-10-22,1,4,US,"KJEKEN, Rune",208408,152775,,0,1
38372038,158660,2007,EP,07750450,13,2008-10-22,1,4,US,"MATHIESEN, Iacob",208409,152776,,0,2
38372038,158660,2007,EP,07750450,13,2008-10-22,1,4,US,"TJELLE, Torunn, Elisabeth",208410,152777,,0,3
38372038,158660,2007,EP,07750450,13,2008-10-22,1,4,US,"MCHUGH, George",208411,152778,,0,4
38372038,2771287,2007,AU,2007215263,13,2007-08-23,1,4,US,"Genetronics, Inc.",7710489,84326,COMPANY,1,0
38372038,2771287,2007,AU,2007215263,13,2007-08-23,1,4,  ,"MCHUGH, GEORGE",15094865,152778,INDIVIDUAL,0,1
38372038,2771287,2007,AU,2007215263,13,2007-08-23,1,4,  ,"TJELLE, TORUNN ELISABETH",15094866,152777,,0,2
38372038,2771287,2007,AU,2007215263,13,2007-08-23,1,4,  ,"MATHIESEN, IACOB",15094867,152776,,0,3
38372038,2771287,2007,AU,2007215263,13,2007-08-23,1,4,  ,"KJEKEN, RUNE",15094868,152775,,0,4
38372038,52888471,2007,US,70459107,13,2007-12-13,5,4,US,"Genetronics, Inc.",5985973,84326,COMPANY,5,0
38372038,52888471,2007,US,70459107,13,2007-12-13,5,4,US,"Kjeken, Rune",9597522,152775,INDIVIDUAL,1,1
38372038,52888471,2007,US,70459107,13,2007-12-13,5,4,US,"Mathiesen, Iacob",9597523,152776,INDIVIDUAL,2,2
38372038,52888471,2007,US,70459107,13,2007-12-13,5,4,US,"Tjelle, Elisabeth Torunn",9597524,3632091,INDIVIDUAL,3,3
38372038,52888471,2007,US,70459107,13,2007-12-13,5,4,US,"McHugh, George",9597525,152778,INDIVIDUAL,4,4
38372038,54634444,2007,WO,2007003615,13,2007-08-23,5,4,US,"Genetronics, Inc.",7710489,84326,COMPANY,1,0
38372038,54634444,2007,WO,2007003615,13,2007-08-23,5,4,NO,"MATHIESEN, IACOB",16611647,152776,INDIVIDUAL,3,2
38372038,54634444,2007,WO,2007003615,13,2007-08-23,5,4,NO,"TJELLE, TORUNN, ELISABETH",25658398,152777,INDIVIDUAL,4,3
38372038,54634444,2007,WO,2007003615,13,2007-08-23,5,4,US,"MCHUGH, GEORGE",29238561,152778,INDIVIDUAL,5,4
38372038,54634444,2007,WO,2007003615,13,2007-08-23,5,4,NO,"KJEKEN, RUNE",39824947,152775,INDIVIDUAL,2,1
38372038,54988753,2007,CA,2635437,13,2007-08-23,1,4,US,"Genetronics, Inc.",7710489,84326,COMPANY,1,0
38372038,54988753,2007,CA,2635437,13,2007-08-23,1,4,US,"MCHUGH, GEORGE",29238561,152778,INDIVIDUAL,0,4
38372038,54988753,2007,CA,2635437,13,2007-08-23,1,4,US,"KJEKEN, RUNE",39844558,152775,INDIVIDUAL,0,1
38372038,54988753,2007,CA,2635437,13,2007-08-23,1,4,US,"MATHIESEN, IACOB",40064984,152776,INDIVIDUAL,0,2
38372038,54988753,2007,CA,2635437,13,2007-08-23,1,4,US,"TJELLE, TORUNN ELISABETH",40064985,152777,INDIVIDUAL,0,3
38372038,55300691,2008,NO,20083811,13,2008-09-05,1,4,US,GENETRONICS INC,18515640,84326,COMPANY,1,0
38372038,55300691,2008,NO,20083811,13,2008-09-05,1,4,US,"MCHUGH, GEORGE",29238561,152778,INDIVIDUAL,0,4
38372038,55300691,2008,NO,20083811,13,2008-09-05,1,4,US,"KJEKEN, RUNE",39844558,152775,INDIVIDUAL,0,1
38372038,55300691,2008,NO,20083811,13,2008-09-05,1,4,US,"MATHIESEN, IACOB",40064984,152776,INDIVIDUAL,0,2
38372038,55300691,2008,NO,20083811,13,2008-09-05,1,4,US,"TJELLE, TORUNN ELISABETH",40064985,152777,INDIVIDUAL,0,3
38372038,56597806,2007,KR,20087019463,13,2008-12-22,1,4,NO,MATHIESEN IACOB,18650728,152776,,0,2
38372038,56597806,2007,KR,20087019463,13,2008-12-22,1,4,NO,TJELLE TORUNN ELISABETH,18650729,5291767,,0,3
38372038,56597806,2007,KR,20087019463,13,2008-12-22,1,4,US,GENETRONICS INC.,18657185,84326,COMPANY,1,0
38372038,56597806,2007,KR,20087019463,13,2008-12-22,1,4,US,MCHUGH GEORGE,40195772,152778,,0,4
38372038,56597806,2007,KR,20087019463,13,2008-12-22,1,4,NO,KJEKEN RUNE,40466438,152775,,0,1
38372038,56726502,2007,CN,200780002313,13,2009-02-18,1,4,  ,MATHIESEN IACOB,18690936,152776,INDIVIDUAL,0,2
38372038,56726502,2007,CN,200780002313,13,2009-02-18,1,4,  ,GENETRONICS INC.,40499035,84326,COMPANY,1,0
38372038,56726502,2007,CN,200780002313,13,2009-02-18,1,4,  ,KJEKEN RUNE,40499036,152775,,0,1
38372038,56726502,2007,CN,200780002313,13,2009-02-18,1,4,  ,TJELLE TORUNN ELISABETH,40499037,152777,,0,3
38372038,56726502,2007,CN,200780002313,13,2009-02-18,1,4,  ,MCHUGH GEORGE,40499038,152778,,0,4
38372038,524409449,2019,US,201916506888,13,2020-01-02,1,4,US,"Kjeken, Rune",9597522,152775,INDIVIDUAL,0,1
38372038,524409449,2019,US,201916506888,13,2020-01-02,1,4,US,"Mathiesen, Iacob",9597523,152776,INDIVIDUAL,0,2
38372038,524409449,2019,US,201916506888,13,2020-01-02,1,4,US,"Tjelle, Elisabeth Torunn",9597524,3632091,INDIVIDUAL,0,3
38372038,524409449,2019,US,201916506888,13,2020-01-02,1,4,US,"McHugh, George",9597525,152778,INDIVIDUAL,0,4
38372038,524409449,2019,US,201916506888,13,2020-01-02,1,4,US,"Inovio Pharmaceuticals, Inc.",48380775,2083018,COMPANY,1,0
38372038,525259070,2007,CA,3063263,13,2007-08-23,1,4,US,"Genetronics, Inc.",7710489,84326,COMPANY,1,0
38372038,525259070,2007,CA,3063263,13,2007-08-23,1,4,US,"MCHUGH, GEORGE",29238561,152778,INDIVIDUAL,0,4
38372038,525259070,2007,CA,3063263,13,2007-08-23,1,4,US,"KJEKEN, RUNE",39844558,152775,INDIVIDUAL,0,1
38372038,525259070,2007,CA,3063263,13,2007-08-23,1,4,US,"MATHIESEN, IACOB",40064984,152776,INDIVIDUAL,0,2
38372038,525259070,2007,CA,3063263,13,2007-08-23,1,4,US,"TJELLE, TORUNN ELISABETH",40064985,152777,INDIVIDUAL,0,3
38372038,585907810,2022,US,202217733527,13,2023-01-05,1,4,NO,"KJEKEN, Rune",11635935,152775,INDIVIDUAL,0,4
38372038,585907810,2022,US,202217733527,13,2023-01-05,1,4,US,"Inovio Pharmaceuticals, Inc.",48380775,2083018,COMPANY,1,0
38372038,585907810,2022,US,202217733527,13,2023-01-05,1,4,US,"MCHUGH, George",86136940,152777,UNKNOWN,0,3
38372038,585907810,2022,US,202217733527,13,2023-01-05,1,4,US,"MATHIESEN, Iacob",86185147,152775,UNKNOWN,0,1
38372038,585907810,2022,US,202217733527,13,2023-01-05,1,4,US,"TJELLE, Torunn Elisabeth",86210913,152776,UNKNOWN,0,2
38686709,51052818,2006,US,45944106,19,2008-01-24,1,4,US,WesternGeco L.L.C.,5409981,694236,COMPANY,1,0
38686709,51052818,2006,US,45944106,19,2008-01-24,1,4,GB,"Laws, Robert",5898077,568519,INDIVIDUAL,0,4
38686709,51052818,2006,US,45944106,19,2008-01-24,1,4,NO,"Robertsson, Johan O. A.",5977247,823992,INDIVIDUAL,0,1
38686709,51052818,2006,US,45944106,19,2008-01-24,1,4,GB,"Van Manen, Dirk-Jan",8250207,749508,INDIVIDUAL,0,2
38686709,51052818,2006,US,45944106,19,2008-01-24,1,4,GB,"Halliday, David",8250208,1808790,INDIVIDUAL,0,3
38686709,54665414,2007,WO,2007072262,19,2008-01-31,7,4,CA,SCHLUMBERGER CANADA LIMITED,12471243,184606,COMPANY,2,0
38686709,54665414,2007,WO,2007072262,19,2008-01-31,7,4,NL,GECO TECHNOLOGY B.V.,12474915,1765187,COMPANY,1,0
38686709,54665414,2007,WO,2007072262,19,2008-01-31,7,4,US,WESTERNGECO L.L.C.,12474916,694236,COMPANY,3,0
38686709,54665414,2007,WO,2007072262,19,2008-01-31,7,4,NO,"VAN MANEN, DIRK-JAN",16761529,749508,INDIVIDUAL,5,2
38686709,54665414,2007,WO,2007072262,19,2008-01-31,7,4,GB,"LAWS, ROBERT",24565224,568519,INDIVIDUAL,7,4
38686709,54665414,2007,WO,2007072262,19,2008-01-31,7,4,NO,"ROBERTSSON, JOHAN O.A.",39857132,823992,INDIVIDUAL,4,1
38686709,54665414,2007,WO,2007072262,19,2008-01-31,7,4,GB,"HALLIDAY, DAVID",39857133,1808790,INDIVIDUAL,6,3
38686709,56217259,2007,EP,07812382,19,2009-04-22,1,4,NO,"VAN MANEN, Dirk-Jan",1477712,749508,,0,2
38686709,56217259,2007,EP,07812382,19,2009-04-22,1,4,NL,Geco Technology B.V.,4087971,1765187,COMPANY,1,0
38686709,56217259,2007,EP,07812382,19,2009-04-22,1,4,NO,"ROBERTSSON, Johan O.A.",4201794,823992,,0,1
38686709,56217259,2007,EP,07812382,19,2009-04-22,1,4,GB,"HALLIDAY, David",4201795,1808790,,0,3
38686709,56217259,2007,EP,07812382,19,2009-04-22,1,4,GB,"LAWS, Robert",4201796,568519,,0,4
38686709,56508479,2007,AU,2007276953,19,2008-01-31,1,4,  ,"HALLIDAY, DAVID",27967643,1808790,INDIVIDUAL,0,4
38686709,56508479,2007,AU,2007276953,19,2008-01-31,1,4,  ,"VAN MANEN, DIRK-JAN",40453108,749508,,0,3
38686709,56508479,2007,AU,2007276953,19,2008-01-31,1,4,  ,"ROBERTSSON, JOHAN O. A.",40453275,823992,,0,1
38686709,56508479,2007,AU,2007276953,19,2008-01-31,1,4,  ,"LAWS, ROBERT",40453392,568519,,0,2
38686709,56508479,2007,AU,2007276953,19,2008-01-31,1,4,NO,REFLECTION MARINE NORGE AS,73553357,32713384,COMPANY,1,0
38686709,57059062,2008,US,34062508,19,2009-04-16,5,4,US,WesternGeco L.L.C.,5409981,694236,COMPANY,5,0
38686709,57059062,2008,US,34062508,19,2009-04-16,5,4,GB,"Laws, Robert",5898077,568519,INDIVIDUAL,4,4
38686709,57059062,2008,US,34062508,19,2009-04-16,5,4,NO,"Robertsson, Johan O. A.",5977247,823992,INDIVIDUAL,1,1
38686709,57059062,2008,US,34062508,19,2009-04-16,5,4,GB,"Van Manen, Dirk-Jan",8250207,749508,INDIVIDUAL,2,2
38686709,57059062,2008,US,34062508,19,2009-04-16,5,4,GB,"Halliday, David",8250210,1808790,INDIVIDUAL,3,3
38686709,267397557,2009,NO,20090752,19,2009-04-24,1,4,NL,SCHLUMBERGER TECHNOLOGY B.V.,12469478,3742,COMPANY,1,0
38686709,267397557,2009,NO,20090752,19,2009-04-24,1,4,NO,"ROBERTSSON, JOHAN OLOF ANDERS",12528463,144858,INDIVIDUAL,0,1
38686709,267397557,2009,NO,20090752,19,2009-04-24,1,4,GB,"LAWS, ROBERT",24565224,568519,INDIVIDUAL,0,4
38686709,267397557,2009,NO,20090752,19,2009-04-24,1,4,NO,"MANEN, DIRK-JAN VAN",33868507,2128535,,0,2
38686709,267397557,2009,NO,20090752,19,2009-04-24,1,4,GB,"HALLIDAY, DAVID",39857133,1808790,INDIVIDUAL,0,3
38686709,267503227,2007,MX,2009000863,19,2009-02-04,1,4,NL,GECO TECHNOLOGY B.V.,12474915,1765187,COMPANY,1,0
38686709,267503227,2007,MX,2009000863,19,2009-02-04,1,4,  ,ROBERT LAWS,14432664,568519,,0,4
38686709,267503227,2007,MX,2009000863,19,2009-02-04,1,4,  ,DIRK-JAN VAN MANEN,14684185,2128535,,0,2
38686709,267503227,2007,MX,2009000863,19,2009-02-04,1,4,  ,DAVID HALLIDAY,28228145,1808790,INDIVIDUAL,0,3
38686709,267503227,2007,MX,2009000863,19,2009-02-04,1,4,NO,JOHAN O.A. ROBERTSSON,41050258,823992,,0,1
38686709,267762094,2007,EP,09172688,19,2009-12-30,1,4,NL,Geco Technology B.V.,4087971,1765187,COMPANY,1,0
38686709,267762094,2007,EP,09172688,19,2009-12-30,1,4,NO,"Robertsson, Johan O.A.",4432019,823992,,0,1
38686709,267762094,2007,EP,09172688,19,2009-12-30,1,4,NO,"Van Manen, Dirk-jan",4432020,749508,,0,2
38686709,267762094,2007,EP,09172688,19,2009-12-30,1,4,GB,"Halliday, David",4432021,1808790,,0,3
38686709,267762094,2007,EP,09172688,19,2009-12-30,1,4,GB,"Laws, Robert",4432022,568519,,0,4
38686709,334025239,2011,US,201113011832,19,2011-05-12,5,4,US,WesternGeco L.L.C.,5409981,694236,COMPANY,5,0
38686709,334025239,2011,US,201113011832,19,2011-05-12,5,4,GB,"Laws, Robert",5898077,568519,INDIVIDUAL,4,4
38686709,334025239,2011,US,201113011832,19,2011-05-12,5,4,NO,"Robertsson, Johan O. A.",5977247,823992,INDIVIDUAL,1,1
38686709,334025239,2011,US,201113011832,19,2011-05-12,5,4,GB,"Van Manen, Dirk-Jan",8250207,749508,INDIVIDUAL,2,2
38686709,334025239,2011,US,201113011832,19,2011-05-12,5,4,GB,"Halliday, David",8250210,1808790,INDIVIDUAL,3,3
38686709,337911190,2007,EP,11185739,19,2012-03-14,1,4,NL,Geco Technology B.V.,4087971,1765187,COMPANY,1,0
38686709,337911190,2007,EP,11185739,19,2012-03-14,1,4,GB,"Laws, Robert Montgomery",5063289,222808,,0,1
38686709,337911190,2007,EP,11185739,19,2012-03-14,1,4,NO,"Robertsson, Johan Olof Anders",5063290,144858,,0,2
38686709,337911190,2007,EP,11185739,19,2012-03-14,1,4,GB,"Halliday, David",49181267,1808790,,0,4
38686709,337911190,2007,EP,11185739,19,2012-03-14,1,4,NO,"Van Manen, Dirk-Jan",49680814,749508,,0,3
38686709,337911193,2007,EP,11185735,19,2012-03-14,1,4,NL,Geco Technology B.V.,4087971,1765187,COMPANY,1,0
38686709,337911193,2007,EP,11185735,19,2012-03-14,1,4,NO,"Robertsson, Johan Olof Anders",5063290,144858,,0,2
38686709,337911193,2007,EP,11185735,19,2012-03-14,1,4,NO,"Manen, Dirk-Jan Van",5063291,749508,,0,3
38686709,337911193,2007,EP,11185735,19,2012-03-14,1,4,GB,"Laws, Robert Montgomery",5063293,222808,,0,1
38686709,337911193,2007,EP,11185735,19,2012-03-14,1,4,GB,"Halliday, David",49181267,1808790,,0,4
38686709,337911194,2007,EP,11185733,19,2012-03-14,1,4,NL,Geco Technology B.V.,4087971,1765187,COMPANY,1,0
38686709,337911194,2007,EP,11185733,19,2012-03-14,1,4,NO,"Robertsson, Johan Olof Anders",5063290,144858,,0,2
38686709,337911194,2007,EP,11185733,19,2012-03-14,1,4,NO,"Manen, Dirk-Jan Van",5063291,749508,,0,3
38686709,337911194,2007,EP,11185733,19,2012-03-14,1,4,GB,"Laws, Robert Montgomery",5063293,222808,,0,1
38686709,337911194,2007,EP,11185733,19,2012-03-14,1,4,GB,"Halliday, David",49181267,1808790,,0,4
38686709,340153840,2011,US,201113218881,19,2011-12-22,5,4,US,WesternGeco L.L.C.,5409981,694236,COMPANY,5,0
38686709,340153840,2011,US,201113218881,19,2011-12-22,5,4,GB,"Laws, Robert",5898077,568519,INDIVIDUAL,4,4
38686709,340153840,2011,US,201113218881,19,2011-12-22,5,4,NO,"Robertsson, Johan O. A.",5977247,823992,INDIVIDUAL,1,1
38686709,340153840,2011,US,201113218881,19,2011-12-22,5,4,GB,"Van Manen, Dirk-Jan",8250207,749508,INDIVIDUAL,2,2
38686709,340153840,2011,US,201113218881,19,2011-12-22,5,4,GB,"Halliday, David",8250210,1808790,INDIVIDUAL,3,3
38686709,405818970,2012,US,201213710149,19,2013-04-25,1,4,US,WesternGeco L.L.C.,5409981,694236,COMPANY,1,0
38686709,405818970,2012,US,201213710149,19,2013-04-25,1,4,GB,"Van Manen, Dirk-Jan",8250207,749508,INDIVIDUAL,0,2
38686709,405818970,2012,US,201213710149,19,2013-04-25,1,4,GB,"Laws, Robert Montgomery",10811118,222808,INDIVIDUAL,0,4
38686709,405818970,2012,US,201213710149,19,2013-04-25,1,4,GB,"HALLIDAY, DAVID FRASER",12110032,1890621,INDIVIDUAL,0,3
38686709,405818970,2012,US,201213710149,19,2013-04-25,1,4,GB,"ROBERTSSON, Johan O. A.",12383247,823992,,0,1
38686709,405818971,2012,US,201213710036,19,2013-04-25,2,4,US,WesternGeco L.L.C.,5409981,694236,COMPANY,1,0
38686709,405818971,2012,US,201213710036,19,2013-04-25,2,4,GB,"Laws, Robert",5898077,568519,INDIVIDUAL,0,3
38686709,405818971,2012,US,201213710036,19,2013-04-25,2,4,NO,"Robertsson, Johan O. A.",5977247,823992,INDIVIDUAL,0,4
38686709,405818971,2012,US,201213710036,19,2013-04-25,2,4,GB,"Van Manen, Dirk-Jan",8250207,749508,INDIVIDUAL,0,1
38686709,405818971,2012,US,201213710036,19,2013-04-25,2,4,GB,"Halliday, David",12383248,1808790,,0,2
38686709,405818971,2012,US,201213710036,19,2013-04-25,2,4,US,"WesternGeco, L.L.C",45221359,694236,COMPANY,2,0
38686709,423205209,2014,US,201414273262,19,2014-10-30,1,4,US,WesternGeco L.L.C.,5409981,694236,COMPANY,1,0
38686709,423205209,2014,US,201414273262,19,2014-10-30,1,4,GB,"Laws, Robert Montgomery",10811118,222808,INDIVIDUAL,0,4
38686709,423205209,2014,US,201414273262,19,2014-10-30,1,4,GB,"HALLIDAY, DAVID FRASER",12110032,1890621,INDIVIDUAL,0,3
38686709,423205209,2014,US,201414273262,19,2014-10-30,1,4,CH,"ROBERTSSON, JOHAN O. A.",47163758,823992,,0,1
38686709,423205209,2014,US,201414273262,19,2014-10-30,1,4,CH,"VAN MANEN, Dirk-Jan",48294158,248002,,0,2
38686709,518984841,2019,NO,20190668,19,2009-04-24,1,4,NO,"MANEN, DIRK-JAN VAN",33868507,2128535,,0,2
38686709,518984841,2019,NO,20190668,19,2009-04-24,1,4,NO,"ROBERTSSON, JOHAN O.A.",39857132,823992,INDIVIDUAL,0,4
38686709,518984841,2019,NO,20190668,19,2009-04-24,1,4,GB,"HALLIDAY, DAVID",39857133,1808790,INDIVIDUAL,0,3
38686709,518984841,2019,NO,20190668,19,2009-04-24,1,4,GB,"LAWS, ROBERT MONTGOMERY",40640567,222808,,0,1
38686709,518984841,2019,NO,20190668,19,2009-04-24,1,4,NO,REFLECTION MARINE NORGE AS,73553357,32713384,COMPANY,1,0
38686709,577402707,2021,NO,20211328,19,2009-04-24,1,3,GB,"ROBERTSSON, JOHAN OLOF ANDERS",33834381,144858,INDIVIDUAL,0,2
38686709,577402707,2021,NO,20211328,19,2009-04-24,1,3,NO,"MANEN, DIRK-JAN VAN",33868507,2128535,,0,1
38686709,577402707,2021,NO,20211328,19,2009-04-24,1,3,GB,"LAWS, ROBERT MONTGOMERY",40640567,222808,,0,3
38686709,577402707,2021,NO,20211328,19,2009-04-24,1,3,NO,REFLECTION MARINE NORGE AS,73553357,32713384,COMPANY,1,0
38686709,620257181,2023,NO,20230247,19,2009-04-24,1,3,GB,"ROBERTSSON, JOHAN",25555277,697335,INDIVIDUAL,0,3
38686709,620257181,2023,NO,20230247,19,2009-04-24,1,3,NO,"MANEN, DIRK-JAN VAN",33868507,2128535,,0,1
38686709,620257181,2023,NO,20230247,19,2009-04-24,1,3,GB,"LAWS, ROBERT MONTGOMERY",40640567,222808,,0,2
38686709,620257181,2023,NO,20230247,19,2009-04-24,1,3,NO,REFLECTION MARINE NORGE AS,73553357,32713384,COMPANY,1,0
